id,rename_photo_to,category,group,title,current_image
"cat_b_baby-care_1","cat_b_baby-care_1.jpg","Babies Wears","Baby Care","Plate and Spoon","/images/catalog/web/baby-care.jpg"
"cat_b_cup_1","cat_b_cup_1.jpg","Babies Wears","Cup","Baby Cup with Spoon","/images/catalog/web/cup.jpg"
"cat_b_food-flask_1","cat_b_food-flask_1.jpg","Babies Wears","Food Flask","China - Children Bowl","/images/catalog/web/food-flask.jpg"
"cat_b_spoon_1","cat_b_spoon_1.jpg","Babies Wears","Spoon","Children - 12 Pcs","/images/catalog/web/spoon.jpg"
"cat_b_spoon_2","cat_b_spoon_2.jpg","Babies Wears","Spoon","Children - Swuzzy","/images/catalog/web/spoon.jpg"
"cat_e_adaptor_1","cat_e_adaptor_1.jpg","Electrical Materials and Fittings","Adaptor","Multipurpose - Orange","/images/catalog/web/adaptor.jpg"
"cat_e_adaptor_2","cat_e_adaptor_2.jpg","Electrical Materials and Fittings","Adaptor","Multipurpose - White - 15 A","/images/catalog/web/adaptor.jpg"
"cat_e_battery_1","cat_e_battery_1.jpg","Electrical Materials and Fittings","Battery","Duracell","/images/catalog/web/battery.jpg"
"cat_e_battery_2","cat_e_battery_2.jpg","Electrical Materials and Fittings","Battery","Rechargeable - Blue","/images/catalog/web/battery.jpg"
"cat_e_battery_3","cat_e_battery_3.jpg","Electrical Materials and Fittings","Battery","Rechargeable - DP-Li01","/images/catalog/web/battery.jpg"
"cat_e_battery_4","cat_e_battery_4.jpg","Electrical Materials and Fittings","Battery","Tiger - Big","/images/catalog/web/battery.jpg"
"cat_e_battery_5","cat_e_battery_5.jpg","Electrical Materials and Fittings","Battery","Tiger and Tudor","/images/catalog/web/battery.jpg"
"cat_e_battery_6","cat_e_battery_6.jpg","Electrical Materials and Fittings","Battery","Tiger Head Akaline","/images/catalog/web/battery.jpg"
"cat_e_battery_7","cat_e_battery_7.jpg","Electrical Materials and Fittings","Battery","Tudor - Big","/images/catalog/web/battery.jpg"
"cat_e_battery_8","cat_e_battery_8.jpg","Electrical Materials and Fittings","Battery","Tudor - Small","/images/catalog/web/battery.jpg"
"cat_e_bulb_1","cat_e_bulb_1.jpg","Electrical Materials and Fittings","Bulb","Indicator","/images/catalog/web/bulb.jpg"
"cat_e_bulb-energy-saver_1","cat_e_bulb-energy-saver_1.jpg","Electrical Materials and Fittings","Bulb - Energy Saver","AKT - 10 W","/images/catalog/web/bulb-energy-saver.jpg"
"cat_e_bulb-energy-saver_2","cat_e_bulb-energy-saver_2.jpg","Electrical Materials and Fittings","Bulb - Energy Saver","AVC - 5 W","/images/catalog/web/bulb-energy-saver.jpg"
"cat_e_bulb-energy-saver_3","cat_e_bulb-energy-saver_3.jpg","Electrical Materials and Fittings","Bulb - Energy Saver","Britania - Old Bulb - 100 W","/images/catalog/web/bulb-energy-saver.jpg"
"cat_e_bulb-energy-saver_4","cat_e_bulb-energy-saver_4.jpg","Electrical Materials and Fittings","Bulb - Energy Saver","CY - 10 W","/images/catalog/web/bulb-energy-saver.jpg"
"cat_e_bulb-energy-saver_5","cat_e_bulb-energy-saver_5.jpg","Electrical Materials and Fittings","Bulb - Energy Saver","Ecomin - 15 W","/images/catalog/web/bulb-energy-saver.jpg"
"cat_e_bulb-energy-saver_6","cat_e_bulb-energy-saver_6.jpg","Electrical Materials and Fittings","Bulb - Energy Saver","Ecomin - 5 W","/images/catalog/web/bulb-energy-saver.jpg"
"cat_e_bulb-energy-saver_7","cat_e_bulb-energy-saver_7.jpg","Electrical Materials and Fittings","Bulb - Energy Saver","Ecomin - Pin and Screw - 10 W","/images/catalog/web/bulb-energy-saver.jpg"
"cat_e_bulb-energy-saver_8","cat_e_bulb-energy-saver_8.jpg","Electrical Materials and Fittings","Bulb - Energy Saver","Itel - 10 W","/images/catalog/web/bulb-energy-saver.jpg"
"cat_e_bulb-recheargeable_1","cat_e_bulb-recheargeable_1.jpg","Electrical Materials and Fittings","Bulb - Recheargeable","AKT - 18 W","/images/catalog/web/bulb-recheargeable.jpg"
"cat_e_cello-tape_1","cat_e_cello-tape_1.jpg","Electrical Materials and Fittings","Cello Tape","Black","/images/catalog/web/cello-tape.jpg"
"cat_e_cello-tape_2","cat_e_cello-tape_2.jpg","Electrical Materials and Fittings","Cello Tape","Paper","/images/catalog/web/cello-tape.jpg"
"cat_e_cello-tape_3","cat_e_cello-tape_3.jpg","Electrical Materials and Fittings","Cello Tape","Transparent - Big Roll","/images/catalog/web/cello-tape.jpg"
"cat_e_cello-tape_4","cat_e_cello-tape_4.jpg","Electrical Materials and Fittings","Cello Tape","Transparent - Small Roll","/images/catalog/web/cello-tape.jpg"
"cat_e_charger_3","cat_e_charger_3.jpg","Electrical Materials and Fittings","Charger","Phone - Desktop - Seven Colour","/images/catalog/web/charger.jpg"
"cat_e_charger_4","cat_e_charger_4.jpg","Electrical Materials and Fittings","Charger","Phone - Itel - 10 W","/images/catalog/web/charger.jpg"
"cat_e_charger_1","cat_e_charger_1.jpg","Electrical Materials and Fittings","Charger","Phone - SHPLUS","/images/catalog/web/charger.jpg"
"cat_e_charger_5","cat_e_charger_5.jpg","Electrical Materials and Fittings","Charger","Phone - Small White","/images/catalog/web/charger.jpg"
"cat_e_charger_2","cat_e_charger_2.jpg","Electrical Materials and Fittings","Charger","Phone - Tecnno","/images/catalog/web/charger.jpg"
"cat_e_clip_1","cat_e_clip_1.jpg","Electrical Materials and Fittings","Clip","Iron Clip","/images/catalog/web/clip.jpg"
"cat_e_clip_2","cat_e_clip_2.jpg","Electrical Materials and Fittings","Clip","Rubber - White - 1.5 mm","/images/catalog/web/clip.jpg"
"cat_e_cliper_1","cat_e_cliper_1.jpg","Electrical Materials and Fittings","Cliper","Rechargeable - WK-9400","/images/catalog/web/cliper.jpg"
"cat_e_cord_1","cat_e_cord_1.jpg","Electrical Materials and Fittings","Cord","Oraimo Black","/images/catalog/web/cord.jpg"
"cat_e_cord_2","cat_e_cord_2.jpg","Electrical Materials and Fittings","Cord","USB - SHPLUS White","/images/catalog/web/cord.jpg"
"cat_e_extention-wire_1","cat_e_extention-wire_1.jpg","Electrical Materials and Fittings","Extention Wire","Itel - ISU-2321U","/images/catalog/web/extention-wire.jpg"
"cat_e_extention-wire_2","cat_e_extention-wire_2.jpg","Electrical Materials and Fittings","Extention Wire","JKJRoyal - Big","/images/catalog/web/extention-wire.jpg"
"cat_e_extention-wire_3","cat_e_extention-wire_3.jpg","Electrical Materials and Fittings","Extention Wire","JKJRoyal - Small","/images/catalog/web/extention-wire.jpg"
"cat_e_extention-wire_4","cat_e_extention-wire_4.jpg","Electrical Materials and Fittings","Extention Wire","Kincastra","/images/catalog/web/extention-wire.jpg"
"cat_e_extention-wire_5","cat_e_extention-wire_5.jpg","Electrical Materials and Fittings","Extention Wire","KingAstra","/images/catalog/web/extention-wire.jpg"
"cat_e_extention-wire_6","cat_e_extention-wire_6.jpg","Electrical Materials and Fittings","Extention Wire","Power Socket","/images/catalog/web/extention-wire.jpg"
"cat_e_extention-wire_7","cat_e_extention-wire_7.jpg","Electrical Materials and Fittings","Extention Wire","Round - 002USB","/images/catalog/web/extention-wire.jpg"
"cat_e_extention-wire_8","cat_e_extention-wire_8.jpg","Electrical Materials and Fittings","Extention Wire","Standard","/images/catalog/web/extention-wire.jpg"
"cat_e_extention-wire_9","cat_e_extention-wire_9.jpg","Electrical Materials and Fittings","Extention Wire","USB Socket - JK204","/images/catalog/web/extention-wire.jpg"
"cat_e_extention-wire_10","cat_e_extention-wire_10.jpg","Electrical Materials and Fittings","Extention Wire","VBT - HY-2332U","/images/catalog/web/extention-wire.jpg"
"cat_e_fan_1","cat_e_fan_1.jpg","Electrical Materials and Fittings","Fan","Foldable Small - DP-7608","/images/catalog/web/fan.jpg"
"cat_e_fan_2","cat_e_fan_2.jpg","Electrical Materials and Fittings","Fan","JH-2028","/images/catalog/web/fan.jpg"
"cat_e_fan-desktop_1","cat_e_fan-desktop_1.jpg","Electrical Materials and Fittings","Fan - Desktop","DP-7605","/images/catalog/web/fan-desktop.jpg"
"cat_e_fan-desktop_2","cat_e_fan-desktop_2.jpg","Electrical Materials and Fittings","Fan - Desktop","Standard","/images/catalog/web/fan-desktop.jpg"
"cat_e_fan-foldable_1","cat_e_fan-foldable_1.jpg","Electrical Materials and Fittings","Fan - Foldable","Standard","/images/catalog/web/fan-foldable.jpg"
"cat_e_fan-hand-fan_1","cat_e_fan-hand-fan_1.jpg","Electrical Materials and Fittings","Fan - Hand Fan","Diandi","/images/catalog/web/fan-hand-fan.jpg"
"cat_e_fan-hand-fan_2","cat_e_fan-hand-fan_2.jpg","Electrical Materials and Fittings","Fan - Hand Fan","DP-7635","/images/catalog/web/fan-hand-fan.jpg"
"cat_e_fan-hand-fan_3","cat_e_fan-hand-fan_3.jpg","Electrical Materials and Fittings","Fan - Hand Fan","Fan","/images/catalog/web/fan-hand-fan.jpg"
"cat_e_fan-table-fan_1","cat_e_fan-table-fan_1.jpg","Electrical Materials and Fittings","Fan - Table Fan","Double Head - NO.666","/images/catalog/web/fan-table-fan.jpg"
"cat_e_fan-table-fan_2","cat_e_fan-table-fan_2.jpg","Electrical Materials and Fittings","Fan - Table Fan","IW8038-A","/images/catalog/web/fan-table-fan.jpg"
"cat_e_fan-table-fan_3","cat_e_fan-table-fan_3.jpg","Electrical Materials and Fittings","Fan - Table Fan","Mini - CTL-MF026-6","/images/catalog/web/fan-table-fan.jpg"
"cat_e_gum_1","cat_e_gum_1.jpg","Electrical Materials and Fittings","Gum","4 Minutes - Steel - 2 in 1","/images/catalog/web/gum.jpg"
"cat_e_iron-electric_1","cat_e_iron-electric_1.jpg","Electrical Materials and Fittings","Iron - Electric","Emouliness","/images/catalog/web/iron-electric.jpg"
"cat_e_iron-electric_2","cat_e_iron-electric_2.jpg","Electrical Materials and Fittings","Iron - Electric","Qasa - QDL-300","/images/catalog/web/iron-electric.jpg"
"cat_e_iron-electric_3","cat_e_iron-electric_3.jpg","Electrical Materials and Fittings","Iron - Electric","Rashnik - RN-702","/images/catalog/web/iron-electric.jpg"
"cat_e_iron-electric_4","cat_e_iron-electric_4.jpg","Electrical Materials and Fittings","Iron - Electric","SMP - DI01","/images/catalog/web/iron-electric.jpg"
"cat_e_iron-electric_5","cat_e_iron-electric_5.jpg","Electrical Materials and Fittings","Iron - Electric","SMP - S105","/images/catalog/web/iron-electric.jpg"
"cat_e_knife-switch_1","cat_e_knife-switch_1.jpg","Electrical Materials and Fittings","Knife Switch","Change Over - 100 Amps","/images/catalog/web/knife-switch.jpg"
"cat_e_knife-switch_2","cat_e_knife-switch_2.jpg","Electrical Materials and Fittings","Knife Switch","Change Over - 32 Amps","/images/catalog/web/knife-switch.jpg"
"cat_e_lamp-led-bulb_1","cat_e_lamp-led-bulb_1.jpg","Electrical Materials and Fittings","Lamp - LED Bulb","DP - DP-7812C","/images/catalog/web/lamp-led-bulb.jpg"
"cat_e_lamp-led-bulb_2","cat_e_lamp-led-bulb_2.jpg","Electrical Materials and Fittings","Lamp - LED Bulb","Kemsafe - KM-7781","/images/catalog/web/lamp-led-bulb.jpg"
"cat_e_lamp-led-bulb_3","cat_e_lamp-led-bulb_3.jpg","Electrical Materials and Fittings","Lamp - LED Bulb","Kemsafe - KM-AE05","/images/catalog/web/lamp-led-bulb.jpg"
"cat_e_lamp-rechargeable_1","cat_e_lamp-rechargeable_1.jpg","Electrical Materials and Fittings","Lamp - Rechargeable","CTL-EL 119U","/images/catalog/web/lamp-rechargeable.jpg"
"cat_e_lamp-rechargeable_2","cat_e_lamp-rechargeable_2.jpg","Electrical Materials and Fittings","Lamp - Rechargeable","CTL-EL 189","/images/catalog/web/lamp-rechargeable.jpg"
"cat_e_lamp-rechargeable_3","cat_e_lamp-rechargeable_3.jpg","Electrical Materials and Fittings","Lamp - Rechargeable","DP-7129B","/images/catalog/web/lamp-rechargeable.jpg"
"cat_e_lamp-rechargeable_4","cat_e_lamp-rechargeable_4.jpg","Electrical Materials and Fittings","Lamp - Rechargeable","DP-7161B","/images/catalog/web/lamp-rechargeable.jpg"
"cat_e_lamp-rechargeable_5","cat_e_lamp-rechargeable_5.jpg","Electrical Materials and Fittings","Lamp - Rechargeable","Lantern - DP-7164","/images/catalog/web/lamp-rechargeable.jpg"
"cat_e_lamp-solar_1","cat_e_lamp-solar_1.jpg","Electrical Materials and Fittings","Lamp - Solar","Cob Work Lamp - SA-819A","/images/catalog/web/lamp-solar.jpg"
"cat_e_lamp-solar_2","cat_e_lamp-solar_2.jpg","Electrical Materials and Fittings","Lamp - Solar","EP-7816","/images/catalog/web/lamp-solar.jpg"
"cat_e_lamp-solar_3","cat_e_lamp-solar_3.jpg","Electrical Materials and Fittings","Lamp - Solar","GD-5808","/images/catalog/web/lamp-solar.jpg"
"cat_e_lamp-solar_4","cat_e_lamp-solar_4.jpg","Electrical Materials and Fittings","Lamp - Solar","JA-399 / 2004","/images/catalog/web/lamp-solar.jpg"
"cat_e_lampholder_1","cat_e_lampholder_1.jpg","Electrical Materials and Fittings","Lampholder","Vin Well - 2 in 1","/images/catalog/web/lampholder.jpg"
"cat_e_lighter_1","cat_e_lighter_1.jpg","Electrical Materials and Fittings","Lighter","Standard","/images/catalog/web/lighter.jpg"
"cat_e_nail_1","cat_e_nail_1.jpg","Electrical Materials and Fittings","Nail","For Iron Clip","/images/catalog/web/nail.jpg"
"cat_e_nail-cutter_1","cat_e_nail-cutter_1.jpg","Electrical Materials and Fittings","Nail Cutter","Standard","/images/catalog/web/nail-cutter.jpg"
"cat_e_pattress-box_1","cat_e_pattress-box_1.jpg","Electrical Materials and Fittings","Pattress Box","Standard","/images/catalog/web/pattress-box.jpg"
"cat_e_phone-stand_1","cat_e_phone-stand_1.jpg","Electrical Materials and Fittings","Phone Stand","Standard","/images/catalog/web/phone-stand.jpg"
"cat_e_plug_1","cat_e_plug_1.jpg","Electrical Materials and Fittings","Plug","13 A","/images/catalog/web/plug.jpg"
"cat_e_radio_1","cat_e_radio_1.jpg","Electrical Materials and Fittings","Radio","MP3 - E30","/images/catalog/web/radio.jpg"
"cat_e_radio_2","cat_e_radio_2.jpg","Electrical Materials and Fittings","Radio","MP3 - TG-184","/images/catalog/web/radio.jpg"
"cat_e_screw-driver_1","cat_e_screw-driver_1.jpg","Electrical Materials and Fittings","Screw Driver","Flat and Star","/images/catalog/web/screw-driver.jpg"
"cat_e_screw-driver_2","cat_e_screw-driver_2.jpg","Electrical Materials and Fittings","Screw Driver","Tester","/images/catalog/web/screw-driver.jpg"
"cat_e_socket_1","cat_e_socket_1.jpg","Electrical Materials and Fittings","Socket","Max Power - 4000W - OPK","/images/catalog/web/socket.jpg"
"cat_e_socket_2","cat_e_socket_2.jpg","Electrical Materials and Fittings","Socket","Standard","/images/catalog/web/socket.jpg"
"cat_e_speaker_1","cat_e_speaker_1.jpg","Electrical Materials and Fittings","Speaker","Bluetooth","/images/catalog/web/speaker.jpg"
"cat_e_switch_1","cat_e_switch_1.jpg","Electrical Materials and Fittings","Switch","1 Gang","/images/catalog/web/switch.jpg"
"cat_e_switch_2","cat_e_switch_2.jpg","Electrical Materials and Fittings","Switch","2 Gang","/images/catalog/web/switch.jpg"
"cat_e_switch_3","cat_e_switch_3.jpg","Electrical Materials and Fittings","Switch","3 Gang","/images/catalog/web/switch.jpg"
"cat_e_torchlight_1","cat_e_torchlight_1.jpg","Electrical Materials and Fittings","Torchlight","AF-KM808S","/images/catalog/web/torchlight.jpg"
"cat_e_torchlight_2","cat_e_torchlight_2.jpg","Electrical Materials and Fittings","Torchlight","CN-L9216C","/images/catalog/web/torchlight.jpg"
"cat_e_torchlight_3","cat_e_torchlight_3.jpg","Electrical Materials and Fittings","Torchlight","CTL-CH413A","/images/catalog/web/torchlight.jpg"
"cat_e_torchlight_4","cat_e_torchlight_4.jpg","Electrical Materials and Fittings","Torchlight","DP-9005B","/images/catalog/web/torchlight.jpg"
"cat_e_torchlight_5","cat_e_torchlight_5.jpg","Electrical Materials and Fittings","Torchlight","DP-9013B","/images/catalog/web/torchlight.jpg"
"cat_e_torchlight_6","cat_e_torchlight_6.jpg","Electrical Materials and Fittings","Torchlight","DP-9110C","/images/catalog/web/torchlight.jpg"
"cat_e_torchlight_7","cat_e_torchlight_7.jpg","Electrical Materials and Fittings","Torchlight","DP-9162","/images/catalog/web/torchlight.jpg"
"cat_e_torchlight_8","cat_e_torchlight_8.jpg","Electrical Materials and Fittings","Torchlight","DP-9183","/images/catalog/web/torchlight.jpg"
"cat_e_torchlight_9","cat_e_torchlight_9.jpg","Electrical Materials and Fittings","Torchlight","DP-9184","/images/catalog/web/torchlight.jpg"
"cat_e_torchlight_10","cat_e_torchlight_10.jpg","Electrical Materials and Fittings","Torchlight","DP-9185","/images/catalog/web/torchlight.jpg"
"cat_e_torchlight_11","cat_e_torchlight_11.jpg","Electrical Materials and Fittings","Torchlight","DX-1804","/images/catalog/web/torchlight.jpg"
"cat_e_torchlight_12","cat_e_torchlight_12.jpg","Electrical Materials and Fittings","Torchlight","GR-9558A","/images/catalog/web/torchlight.jpg"
"cat_e_torchlight_13","cat_e_torchlight_13.jpg","Electrical Materials and Fittings","Torchlight","KM-7759","/images/catalog/web/torchlight.jpg"
"cat_e_torchlight_14","cat_e_torchlight_14.jpg","Electrical Materials and Fittings","Torchlight","KM-7773","/images/catalog/web/torchlight.jpg"
"cat_e_tv-guide_1","cat_e_tv-guide_1.jpg","Electrical Materials and Fittings","TV Guide","Volt Guard","/images/catalog/web/tv-guide.jpg"
"cat_k_air-freshner_1","cat_k_air-freshner_1.jpg","Kitchen Utensils","Air Freshner","Standard","/images/catalog/web/air-freshner.jpg"
"cat_k_bag_1","cat_k_bag_1.jpg","Kitchen Utensils","Bag","Bagco","/images/catalog/web/bag.jpg"
"cat_k_bag_2","cat_k_bag_2.jpg","Kitchen Utensils","Bag","Fancy","/images/catalog/web/bag.jpg"
"cat_k_bag_3","cat_k_bag_3.jpg","Kitchen Utensils","Bag","Lunch - Black - Big","/images/catalog/web/bag.jpg"
"cat_k_bag_4","cat_k_bag_4.jpg","Kitchen Utensils","Bag","Lunch - Character","/images/catalog/web/bag.jpg"
"cat_k_bag_5","cat_k_bag_5.jpg","Kitchen Utensils","Bag","Lunch - Character - 4 Corner","/images/catalog/web/bag.jpg"
"cat_k_bag_6","cat_k_bag_6.jpg","Kitchen Utensils","Bag","Lunch - Character - Big","/images/catalog/web/bag.jpg"
"cat_k_bag_7","cat_k_bag_7.jpg","Kitchen Utensils","Bag","School - Black - Big","/images/catalog/web/bag.jpg"
"cat_k_bag_8","cat_k_bag_8.jpg","Kitchen Utensils","Bag","School - Charater - Big","/images/catalog/web/bag.jpg"
"cat_k_bag_9","cat_k_bag_9.jpg","Kitchen Utensils","Bag","School - Charater - Medium","/images/catalog/web/bag.jpg"
"cat_k_bag_10","cat_k_bag_10.jpg","Kitchen Utensils","Bag","School - Charater - Small","/images/catalog/web/bag.jpg"
"cat_k_basket_1","cat_k_basket_1.jpg","Kitchen Utensils","Basket","Clothe - Big - Lundry - Round","/images/catalog/web/basket.jpg"
"cat_k_basket_2","cat_k_basket_2.jpg","Kitchen Utensils","Basket","Clothe - Small - Lundry - Round","/images/catalog/web/basket.jpg"
"cat_k_basket_3","cat_k_basket_3.jpg","Kitchen Utensils","Basket","Dustbin - Dustbin","/images/catalog/web/basket.jpg"
"cat_k_basket_4","cat_k_basket_4.jpg","Kitchen Utensils","Basket","Food - Food","/images/catalog/web/basket.jpg"
"cat_k_basket_5","cat_k_basket_5.jpg","Kitchen Utensils","Basket","Food Basket - OK Product","/images/catalog/web/basket.jpg"
"cat_k_basket_6","cat_k_basket_6.jpg","Kitchen Utensils","Basket","Laundry - Round Big","/images/catalog/web/basket.jpg"
"cat_k_basket_7","cat_k_basket_7.jpg","Kitchen Utensils","Basket","Laundry - Round Small","/images/catalog/web/basket.jpg"
"cat_k_basket_8","cat_k_basket_8.jpg","Kitchen Utensils","Basket","Laundry - Square","/images/catalog/web/basket.jpg"
"cat_k_basket_9","cat_k_basket_9.jpg","Kitchen Utensils","Basket","Plate","/images/catalog/web/basket.jpg"
"cat_k_basket_10","cat_k_basket_10.jpg","Kitchen Utensils","Basket","School","/images/catalog/web/basket.jpg"
"cat_k_basket_11","cat_k_basket_11.jpg","Kitchen Utensils","Basket","School with Cover","/images/catalog/web/basket.jpg"
"cat_k_bbq_1","cat_k_bbq_1.jpg","Kitchen Utensils","BBQ","Charcoal","/images/catalog/web/bbq.jpg"
"cat_k_bbq_2","cat_k_bbq_2.jpg","Kitchen Utensils","BBQ","Electrical","/images/catalog/web/bbq.jpg"
"cat_k_blender_1","cat_k_blender_1.jpg","Kitchen Utensils","Blender","Master Chef - B115 - 3 in 1 Breakable","/images/catalog/web/blender.jpg"
"cat_k_blender_2","cat_k_blender_2.jpg","Kitchen Utensils","Blender","Master Chef - B136 - 2 in 1","/images/catalog/web/blender.jpg"
"cat_k_blender_3","cat_k_blender_3.jpg","Kitchen Utensils","Blender","Master Chef - B142 - 3 in 1","/images/catalog/web/blender.jpg"
"cat_k_blender_4","cat_k_blender_4.jpg","Kitchen Utensils","Blender","Master Chef - B146 - 3 in 1 Stainless","/images/catalog/web/blender.jpg"
"cat_k_blender_5","cat_k_blender_5.jpg","Kitchen Utensils","Blender","Master Chef - B157 - 2 in 1","/images/catalog/web/blender.jpg"
"cat_k_blender_6","cat_k_blender_6.jpg","Kitchen Utensils","Blender","Master Chef - B159 - 3 in 1 Breakable","/images/catalog/web/blender.jpg"
"cat_k_blender_7","cat_k_blender_7.jpg","Kitchen Utensils","Blender","Master Chef - B181 - 4 in 1 Stainless","/images/catalog/web/blender.jpg"
"cat_k_blender_8","cat_k_blender_8.jpg","Kitchen Utensils","Blender","Master Chef - B651 - 2 in 1 Stainless","/images/catalog/web/blender.jpg"
"cat_k_blender_9","cat_k_blender_9.jpg","Kitchen Utensils","Blender","Master Chef - BL3302 - 2 in 1","/images/catalog/web/blender.jpg"
"cat_k_blender_10","cat_k_blender_10.jpg","Kitchen Utensils","Blender","Rico - 1803 - 3 in 1 - Lock","/images/catalog/web/blender.jpg"
"cat_k_blender_11","cat_k_blender_11.jpg","Kitchen Utensils","Blender","Rico - 1907 - 3 in 1 - Unlock","/images/catalog/web/blender.jpg"
"cat_k_blender_12","cat_k_blender_12.jpg","Kitchen Utensils","Blender","SMP BL-02 - 2in 1","/images/catalog/web/blender.jpg"
"cat_k_blender_14","cat_k_blender_14.jpg","Kitchen Utensils","Blender","VTCL - 2008 - 4 in 1 - Smart Leaf","/images/catalog/web/blender.jpg"
"cat_k_blender_13","cat_k_blender_13.jpg","Kitchen Utensils","Blender","VTCL - Excella","/images/catalog/web/blender.jpg"
"cat_k_boiling-ring_1","cat_k_boiling-ring_1.jpg","Kitchen Utensils","Boiling Ring","Standard","/images/catalog/web/boiling-ring.jpg"
"cat_k_bottle_1","cat_k_bottle_1.jpg","Kitchen Utensils","Bottle","Nice","/images/catalog/web/bottle.jpg"
"cat_k_bowl_1","cat_k_bowl_1.jpg","Kitchen Utensils","Bowl","Hana - 4 in 1","/images/catalog/web/bowl.jpg"
"cat_k_bowl_2","cat_k_bowl_2.jpg","Kitchen Utensils","Bowl","Hana - 5 in 1","/images/catalog/web/bowl.jpg"
"cat_k_bowl_3","cat_k_bowl_3.jpg","Kitchen Utensils","Bowl","SMP - Fashion Bowl","/images/catalog/web/bowl.jpg"
"cat_k_bowl_4","cat_k_bowl_4.jpg","Kitchen Utensils","Bowl","SMP with Cover","/images/catalog/web/bowl.jpg"
"cat_k_bowl_5","cat_k_bowl_5.jpg","Kitchen Utensils","Bowl","Washing Hand Bolw","/images/catalog/web/bowl.jpg"
"cat_k_breakable-plate_1","cat_k_breakable-plate_1.jpg","Kitchen Utensils","Breakable Plate","Awo","/images/catalog/web/breakable-plate.jpg"
"cat_k_breakable-plate_2","cat_k_breakable-plate_2.jpg","Kitchen Utensils","Breakable Plate","Awo - Pieces","/images/catalog/web/breakable-plate.jpg"
"cat_k_broom_1","cat_k_broom_1.jpg","Kitchen Utensils","Broom","Spinash","/images/catalog/web/broom.jpg"
"cat_k_brush_1","cat_k_brush_1.jpg","Kitchen Utensils","Brush","Big - Toilet","/images/catalog/web/brush.jpg"
"cat_k_brush_2","cat_k_brush_2.jpg","Kitchen Utensils","Brush","Feeder Brush","/images/catalog/web/brush.jpg"
"cat_k_brush_3","cat_k_brush_3.jpg","Kitchen Utensils","Brush","Scrubbing Brush","/images/catalog/web/brush.jpg"
"cat_k_brush_4","cat_k_brush_4.jpg","Kitchen Utensils","Brush","Small - Toilet","/images/catalog/web/brush.jpg"
"cat_k_brush_5","cat_k_brush_5.jpg","Kitchen Utensils","Brush","Sweeping Brush","/images/catalog/web/brush.jpg"
"cat_k_brush_6","cat_k_brush_6.jpg","Kitchen Utensils","Brush","Toilet - Silicon","/images/catalog/web/brush.jpg"
"cat_k_bucket_1","cat_k_bucket_1.jpg","Kitchen Utensils","Bucket","Standard","/images/catalog/web/bucket.jpg"
"cat_k_chopper_1","cat_k_chopper_1.jpg","Kitchen Utensils","Chopper","Eurosonic ES-1862 - Glass","/images/catalog/web/chopper.jpg"
"cat_k_cling-film_1","cat_k_cling-film_1.jpg","Kitchen Utensils","Cling Film","Standard","/images/catalog/web/cling-film.jpg"
"cat_k_clipper_1","cat_k_clipper_1.jpg","Kitchen Utensils","Clipper","Nova - Mini","/images/catalog/web/clipper.jpg"
"cat_k_comb_1","cat_k_comb_1.jpg","Kitchen Utensils","Comb","HotComb","/images/catalog/web/comb.jpg"
"cat_k_container_1","cat_k_container_1.jpg","Kitchen Utensils","Container","Salvin - Cereal - 3 in 1","/images/catalog/web/container.jpg"
"cat_k_container_2","cat_k_container_2.jpg","Kitchen Utensils","Container","Salvin - Fridge - 3 in 1","/images/catalog/web/container.jpg"
"cat_k_container_3","cat_k_container_3.jpg","Kitchen Utensils","Container","Salvin - Fridge - 5 in 1","/images/catalog/web/container.jpg"
"cat_k_container_4","cat_k_container_4.jpg","Kitchen Utensils","Container","Salvin - Fridge - Snap and Go - 5 in 1","/images/catalog/web/container.jpg"
"cat_k_container_5","cat_k_container_5.jpg","Kitchen Utensils","Container","Set - 10 Pcs","/images/catalog/web/container.jpg"
"cat_k_cooler_1","cat_k_cooler_1.jpg","Kitchen Utensils","Cooler","Salvin - Party Cooler - 4 in 1 - Round","/images/catalog/web/cooler.jpg"
"cat_k_cooler_2","cat_k_cooler_2.jpg","Kitchen Utensils","Cooler","Salvin - Party Cooler - 4 in 1 - Square","/images/catalog/web/cooler.jpg"
"cat_k_cooler_3","cat_k_cooler_3.jpg","Kitchen Utensils","Cooler","Salvin - Red","/images/catalog/web/cooler.jpg"
"cat_k_cover_1","cat_k_cover_1.jpg","Kitchen Utensils","Cover","Nylon","/images/catalog/web/cover.jpg"
"cat_k_cover_2","cat_k_cover_2.jpg","Kitchen Utensils","Cover","Silicon","/images/catalog/web/cover.jpg"
"cat_k_cup_2","cat_k_cup_2.jpg","Kitchen Utensils","Cup","GBO Products - Golden","/images/catalog/web/cup.jpg"
"cat_k_cup_3","cat_k_cup_3.jpg","Kitchen Utensils","Cup","Glass Ware - Glass Cup by 6 - Small","/images/catalog/web/cup.jpg"
"cat_k_cup_4","cat_k_cup_4.jpg","Kitchen Utensils","Cup","Glass with Cover - Golden","/images/catalog/web/cup.jpg"
"cat_k_cup_5","cat_k_cup_5.jpg","Kitchen Utensils","Cup","Glass with Cover - White","/images/catalog/web/cup.jpg"
"cat_k_cup_6","cat_k_cup_6.jpg","Kitchen Utensils","Cup","Humble Bird - Glass Cup by 6","/images/catalog/web/cup.jpg"
"cat_k_cup_7","cat_k_cup_7.jpg","Kitchen Utensils","Cup","Kenedim","/images/catalog/web/cup.jpg"
"cat_k_cup_8","cat_k_cup_8.jpg","Kitchen Utensils","Cup","Plastic with Cover","/images/catalog/web/cup.jpg"
"cat_k_cup_12","cat_k_cup_12.jpg","Kitchen Utensils","Cup","SMP - Glass - Water Cup - 3 in 1","/images/catalog/web/cup.jpg"
"cat_k_cup_9","cat_k_cup_9.jpg","Kitchen Utensils","Cup","SMP - Wine Cup - 2 Pcs","/images/catalog/web/cup.jpg"
"cat_k_cup_10","cat_k_cup_10.jpg","Kitchen Utensils","Cup","SMP - Wine Cup - 3 in 1 Short","/images/catalog/web/cup.jpg"
"cat_k_cup_11","cat_k_cup_11.jpg","Kitchen Utensils","Cup","SMP - Wine Cup - 3 Pcs","/images/catalog/web/cup.jpg"
"cat_k_cup_13","cat_k_cup_13.jpg","Kitchen Utensils","Cup","Stainless with Cover - Big","/images/catalog/web/cup.jpg"
"cat_k_cup_14","cat_k_cup_14.jpg","Kitchen Utensils","Cup","Stainless with Cover - Small","/images/catalog/web/cup.jpg"
"cat_k_cup_15","cat_k_cup_15.jpg","Kitchen Utensils","Cup","Takeaway - 5 Packs","/images/catalog/web/cup.jpg"
"cat_k_cup_16","cat_k_cup_16.jpg","Kitchen Utensils","Cup","Unbreakable - Cup with Cover","/images/catalog/web/cup.jpg"
"cat_k_cup_17","cat_k_cup_17.jpg","Kitchen Utensils","Cup","Wine Cup - Long - Single","/images/catalog/web/cup.jpg"
"cat_k_cup_18","cat_k_cup_18.jpg","Kitchen Utensils","Cup","Wine Cup - Short - Single","/images/catalog/web/cup.jpg"
"cat_k_cutlery-set_1","cat_k_cutlery-set_1.jpg","Kitchen Utensils","Cutlery Set","Various - 24 Pcs - Nil","/images/catalog/web/cutlery-set.jpg"
"cat_k_cutter_1","cat_k_cutter_1.jpg","Kitchen Utensils","Cutter","Pie","/images/catalog/web/cutter.jpg"
"cat_k_cutter_2","cat_k_cutter_2.jpg","Kitchen Utensils","Cutter","Vegetable","/images/catalog/web/cutter.jpg"
"cat_k_dispenser_1","cat_k_dispenser_1.jpg","Kitchen Utensils","Dispenser","Tooth Paste","/images/catalog/web/dispenser.jpg"
"cat_k_dispenser_2","cat_k_dispenser_2.jpg","Kitchen Utensils","Dispenser","Water - Table Top","/images/catalog/web/dispenser.jpg"
"cat_k_egg-boiler_1","cat_k_egg-boiler_1.jpg","Kitchen Utensils","Egg Boiler","YD501 - Plastic","/images/catalog/web/egg-boiler.jpg"
"cat_k_fan_1","cat_k_fan_1.jpg","Kitchen Utensils","Fan","DB - Standing","/images/catalog/web/fan.jpg"
"cat_k_feeder_1","cat_k_feeder_1.jpg","Kitchen Utensils","Feeder","Standard","/images/catalog/web/feeder.jpg"
"cat_k_foil-paper_1","cat_k_foil-paper_1.jpg","Kitchen Utensils","Foil Paper","Standard","/images/catalog/web/foil-paper.jpg"
"cat_k_food-flask_2","cat_k_food-flask_2.jpg","Kitchen Utensils","Food Flask","Eurosonic ES - 698 - 600ML","/images/catalog/web/food-flask.jpg"
"cat_k_food-flask_3","cat_k_food-flask_3.jpg","Kitchen Utensils","Food Flask","Gift Master - 800ML","/images/catalog/web/food-flask.jpg"
"cat_k_food-flask_4","cat_k_food-flask_4.jpg","Kitchen Utensils","Food Flask","Haers - 600ML","/images/catalog/web/food-flask.jpg"
"cat_k_food-flask_5","cat_k_food-flask_5.jpg","Kitchen Utensils","Food Flask","Insulated Pot - 1.8L","/images/catalog/web/food-flask.jpg"
"cat_k_food-flask_6","cat_k_food-flask_6.jpg","Kitchen Utensils","Food Flask","Master Chef - 1L","/images/catalog/web/food-flask.jpg"
"cat_k_food-flask_7","cat_k_food-flask_7.jpg","Kitchen Utensils","Food Flask","Master Chef - F880 - 800ML","/images/catalog/web/food-flask.jpg"
"cat_k_food-flask_8","cat_k_food-flask_8.jpg","Kitchen Utensils","Food Flask","Master Chef - FF07 - 1.3L","/images/catalog/web/food-flask.jpg"
"cat_k_food-flask_9","cat_k_food-flask_9.jpg","Kitchen Utensils","Food Flask","Masterchef - F1700 - 1.7L","/images/catalog/web/food-flask.jpg"
"cat_k_food-flask_10","cat_k_food-flask_10.jpg","Kitchen Utensils","Food Flask","Masterchef - FF2413 - 1 in 1","/images/catalog/web/food-flask.jpg"
"cat_k_food-flask_11","cat_k_food-flask_11.jpg","Kitchen Utensils","Food Flask","Masterchef - FF3001 - 10 pcs","/images/catalog/web/food-flask.jpg"
"cat_k_food-flask_12","cat_k_food-flask_12.jpg","Kitchen Utensils","Food Flask","MTM - 500ML","/images/catalog/web/food-flask.jpg"
"cat_k_food-flask_13","cat_k_food-flask_13.jpg","Kitchen Utensils","Food Flask","Salvin - For my Family","/images/catalog/web/food-flask.jpg"
"cat_k_food-flask_14","cat_k_food-flask_14.jpg","Kitchen Utensils","Food Flask","Smart Cup","/images/catalog/web/food-flask.jpg"
"cat_k_food-flask_15","cat_k_food-flask_15.jpg","Kitchen Utensils","Food Flask","Spiderman - 650ML","/images/catalog/web/food-flask.jpg"
"cat_k_food-flask_16","cat_k_food-flask_16.jpg","Kitchen Utensils","Food Flask","XY - Food Shelt","/images/catalog/web/food-flask.jpg"
"cat_k_food-warmer_1","cat_k_food-warmer_1.jpg","Kitchen Utensils","Food Warmer","2 in 1","/images/catalog/web/food-warmer.jpg"
"cat_k_food-warmer_3","cat_k_food-warmer_3.jpg","Kitchen Utensils","Food Warmer","Master Chef - FF9092 - 3 in 1","/images/catalog/web/food-warmer.jpg"
"cat_k_food-warmer_2","cat_k_food-warmer_2.jpg","Kitchen Utensils","Food Warmer","Master Chef (3.7L) - Multipurpose","/images/catalog/web/food-warmer.jpg"
"cat_k_food-warmer_4","cat_k_food-warmer_4.jpg","Kitchen Utensils","Food Warmer","Rishabh - 3 in 1","/images/catalog/web/food-warmer.jpg"
"cat_k_food-warmer_5","cat_k_food-warmer_5.jpg","Kitchen Utensils","Food Warmer","VTCL - Rose Gold - 3 in 1","/images/catalog/web/food-warmer.jpg"
"cat_k_food-warmer_6","cat_k_food-warmer_6.jpg","Kitchen Utensils","Food Warmer","VTCL - Sassy Classic - 3 in 1","/images/catalog/web/food-warmer.jpg"
"cat_k_food-warmer_7","cat_k_food-warmer_7.jpg","Kitchen Utensils","Food Warmer","VTCL Satin - 3 in 1","/images/catalog/web/food-warmer.jpg"
"cat_k_fry-pan_1","cat_k_fry-pan_1.jpg","Kitchen Utensils","Fry Pan","Air Fry Pan - Steel (Non-Stick)","/images/catalog/web/fry-pan.jpg"
"cat_k_fry-pan_2","cat_k_fry-pan_2.jpg","Kitchen Utensils","Fry Pan","Manna - Stainless","/images/catalog/web/fry-pan.jpg"
"cat_k_fry-pan_3","cat_k_fry-pan_3.jpg","Kitchen Utensils","Fry Pan","Picasso - Aluminium - With Cover","/images/catalog/web/fry-pan.jpg"
"cat_k_fry-pan_4","cat_k_fry-pan_4.jpg","Kitchen Utensils","Fry Pan","Picasso - Aluminium - Without Cover - Big","/images/catalog/web/fry-pan.jpg"
"cat_k_fry-pan_5","cat_k_fry-pan_5.jpg","Kitchen Utensils","Fry Pan","Picasso - Aluminium - Without Cover - Small","/images/catalog/web/fry-pan.jpg"
"cat_k_fry-pan_6","cat_k_fry-pan_6.jpg","Kitchen Utensils","Fry Pan","Picasso - Non Stick - With Cover","/images/catalog/web/fry-pan.jpg"
"cat_k_gas-cylinder_1","cat_k_gas-cylinder_1.jpg","Kitchen Utensils","Gas Cylinder","3 KG","/images/catalog/web/gas-cylinder.jpg"
"cat_k_gas-lighter_1","cat_k_gas-lighter_1.jpg","Kitchen Utensils","Gas Lighter","Standard","/images/catalog/web/gas-lighter.jpg"
"cat_k_gas-stove_1","cat_k_gas-stove_1.jpg","Kitchen Utensils","Gas Stove","Glass","/images/catalog/web/gas-stove.jpg"
"cat_k_gas-stove_2","cat_k_gas-stove_2.jpg","Kitchen Utensils","Gas Stove","Single","/images/catalog/web/gas-stove.jpg"
"cat_k_gas-stove_3","cat_k_gas-stove_3.jpg","Kitchen Utensils","Gas Stove","Stainless","/images/catalog/web/gas-stove.jpg"
"cat_k_ghana-must-go_1","cat_k_ghana-must-go_1.jpg","Kitchen Utensils","Ghana Must Go","Big","/images/catalog/web/ghana-must-go.jpg"
"cat_k_ghana-must-go_2","cat_k_ghana-must-go_2.jpg","Kitchen Utensils","Ghana Must Go","Liverpool","/images/catalog/web/ghana-must-go.jpg"
"cat_k_glue_1","cat_k_glue_1.jpg","Kitchen Utensils","Glue","Super Glue - Big","/images/catalog/web/glue.jpg"
"cat_k_glue_2","cat_k_glue_2.jpg","Kitchen Utensils","Glue","Super Glue - Small","/images/catalog/web/glue.jpg"
"cat_k_griller_1","cat_k_griller_1.jpg","Kitchen Utensils","Griller","Master Chef - HP408","/images/catalog/web/griller.jpg"
"cat_k_hair-dryer_1","cat_k_hair-dryer_1.jpg","Kitchen Utensils","Hair Dryer","Professional - Nil","/images/catalog/web/hair-dryer.jpg"
"cat_k_hand-grater_1","cat_k_hand-grater_1.jpg","Kitchen Utensils","Hand Grater","4 Shaped","/images/catalog/web/hand-grater.jpg"
"cat_k_hand-grater_2","cat_k_hand-grater_2.jpg","Kitchen Utensils","Hand Grater","Beans - Manual","/images/catalog/web/hand-grater.jpg"
"cat_k_hand-grater_3","cat_k_hand-grater_3.jpg","Kitchen Utensils","Hand Grater","Brava Spring Slicer","/images/catalog/web/hand-grater.jpg"
"cat_k_hand-grater_4","cat_k_hand-grater_4.jpg","Kitchen Utensils","Hand Grater","Chilling and Nuts - Stainless - Manual","/images/catalog/web/hand-grater.jpg"
"cat_k_hand-grater_5","cat_k_hand-grater_5.jpg","Kitchen Utensils","Hand Grater","Chopper - Manual","/images/catalog/web/hand-grater.jpg"
"cat_k_hand-grater_6","cat_k_hand-grater_6.jpg","Kitchen Utensils","Hand Grater","Flat - Big","/images/catalog/web/hand-grater.jpg"
"cat_k_hand-grater_7","cat_k_hand-grater_7.jpg","Kitchen Utensils","Hand Grater","Flat Round","/images/catalog/web/hand-grater.jpg"
"cat_k_hand-grater_8","cat_k_hand-grater_8.jpg","Kitchen Utensils","Hand Grater","Genius Nicer Dicer","/images/catalog/web/hand-grater.jpg"
"cat_k_hand-grater_9","cat_k_hand-grater_9.jpg","Kitchen Utensils","Hand Grater","Hexa - Manual","/images/catalog/web/hand-grater.jpg"
"cat_k_hand-grater_10","cat_k_hand-grater_10.jpg","Kitchen Utensils","Hand Grater","Manna Chilli - Manual","/images/catalog/web/hand-grater.jpg"
"cat_k_hand-grater_11","cat_k_hand-grater_11.jpg","Kitchen Utensils","Hand Grater","Manna Wooden - Manual","/images/catalog/web/hand-grater.jpg"
"cat_k_hand-grater_12","cat_k_hand-grater_12.jpg","Kitchen Utensils","Hand Grater","Manual","/images/catalog/web/hand-grater.jpg"
"cat_k_hand-grater_13","cat_k_hand-grater_13.jpg","Kitchen Utensils","Hand Grater","Okro - 6 Faces","/images/catalog/web/hand-grater.jpg"
"cat_k_hand-grater_14","cat_k_hand-grater_14.jpg","Kitchen Utensils","Hand Grater","Rashnik Chilli Cutter - Round - Manual","/images/catalog/web/hand-grater.jpg"
"cat_k_hand-grater_15","cat_k_hand-grater_15.jpg","Kitchen Utensils","Hand Grater","Rashnik Deluxe - Manual","/images/catalog/web/hand-grater.jpg"
"cat_k_hand-grater_16","cat_k_hand-grater_16.jpg","Kitchen Utensils","Hand Grater","Rashnik Over Cutter - Manual","/images/catalog/web/hand-grater.jpg"
"cat_k_hand-grater_17","cat_k_hand-grater_17.jpg","Kitchen Utensils","Hand Grater","Round Shape","/images/catalog/web/hand-grater.jpg"
"cat_k_hand-grater_18","cat_k_hand-grater_18.jpg","Kitchen Utensils","Hand Grater","Small","/images/catalog/web/hand-grater.jpg"
"cat_k_hand-grater_19","cat_k_hand-grater_19.jpg","Kitchen Utensils","Hand Grater","Supreme Vegetable - Manual","/images/catalog/web/hand-grater.jpg"
"cat_k_hand-mixer_1","cat_k_hand-mixer_1.jpg","Kitchen Utensils","Hand Mixer","Scarlett","/images/catalog/web/hand-mixer.jpg"
"cat_k_hanger_1","cat_k_hanger_1.jpg","Kitchen Utensils","Hanger","for Bag","/images/catalog/web/hanger.jpg"
"cat_k_hanger_2","cat_k_hanger_2.jpg","Kitchen Utensils","Hanger","For Clothe - Iron","/images/catalog/web/hanger.jpg"
"cat_k_hanger_3","cat_k_hanger_3.jpg","Kitchen Utensils","Hanger","For Clothe - Plastic","/images/catalog/web/hanger.jpg"
"cat_k_hanger_4","cat_k_hanger_4.jpg","Kitchen Utensils","Hanger","Iron - Spoon","/images/catalog/web/hanger.jpg"
"cat_k_hanger_5","cat_k_hanger_5.jpg","Kitchen Utensils","Hanger","Kitchen","/images/catalog/web/hanger.jpg"
"cat_k_hanger_6","cat_k_hanger_6.jpg","Kitchen Utensils","Hanger","Pant","/images/catalog/web/hanger.jpg"
"cat_k_hanger_7","cat_k_hanger_7.jpg","Kitchen Utensils","Hanger","Small for Fridge","/images/catalog/web/hanger.jpg"
"cat_k_hanger_8","cat_k_hanger_8.jpg","Kitchen Utensils","Hanger","SS - Bathroom - Iron/Plastic","/images/catalog/web/hanger.jpg"
"cat_k_hanger_9","cat_k_hanger_9.jpg","Kitchen Utensils","Hanger","Wuve - Bathroom - Plastic","/images/catalog/web/hanger.jpg"
"cat_k_holder_1","cat_k_holder_1.jpg","Kitchen Utensils","Holder","Brush and Tooth Paste","/images/catalog/web/holder.jpg"
"cat_k_hot-plate_1","cat_k_hot-plate_1.jpg","Kitchen Utensils","Hot Plate","Glass - Single","/images/catalog/web/hot-plate.jpg"
"cat_k_hot-plate_2","cat_k_hot-plate_2.jpg","Kitchen Utensils","Hot Plate","National HP - 100A - Single - 1,500 W","/images/catalog/web/hot-plate.jpg"
"cat_k_hot-plate_3","cat_k_hot-plate_3.jpg","Kitchen Utensils","Hot Plate","Rashnik - Double - Flat","/images/catalog/web/hot-plate.jpg"
"cat_k_hot-plate_4","cat_k_hot-plate_4.jpg","Kitchen Utensils","Hot Plate","Rashnik - Double - Ring","/images/catalog/web/hot-plate.jpg"
"cat_k_hot-plate_5","cat_k_hot-plate_5.jpg","Kitchen Utensils","Hot Plate","Rashnik - RN - 4076B - Single - 1000W","/images/catalog/web/hot-plate.jpg"
"cat_k_ice-bucket_1","cat_k_ice-bucket_1.jpg","Kitchen Utensils","Ice Bucket","Standard","/images/catalog/web/ice-bucket.jpg"
"cat_k_iron_1","cat_k_iron_1.jpg","Kitchen Utensils","Iron","JD SMP - DI01","/images/catalog/web/iron.jpg"
"cat_k_iron_2","cat_k_iron_2.jpg","Kitchen Utensils","Iron","JD SMP - DI03","/images/catalog/web/iron.jpg"
"cat_k_iron_3","cat_k_iron_3.jpg","Kitchen Utensils","Iron","Rashnik","/images/catalog/web/iron.jpg"
"cat_k_jug_1","cat_k_jug_1.jpg","Kitchen Utensils","Jug","Flower with Cups","/images/catalog/web/jug.jpg"
"cat_k_jug_2","cat_k_jug_2.jpg","Kitchen Utensils","Jug","Hana - Glass - Big","/images/catalog/web/jug.jpg"
"cat_k_jug_3","cat_k_jug_3.jpg","Kitchen Utensils","Jug","Hana - Glass - Small 3 Pcs","/images/catalog/web/jug.jpg"
"cat_k_jug_4","cat_k_jug_4.jpg","Kitchen Utensils","Jug","Hana - Jug and Cup - 7 Pcs","/images/catalog/web/jug.jpg"
"cat_k_jug_5","cat_k_jug_5.jpg","Kitchen Utensils","Jug","Huiluong - 4 in 1","/images/catalog/web/jug.jpg"
"cat_k_jug_6","cat_k_jug_6.jpg","Kitchen Utensils","Jug","JDSMP - 2.4L","/images/catalog/web/jug.jpg"
"cat_k_jug_7","cat_k_jug_7.jpg","Kitchen Utensils","Jug","Lemon with Cups","/images/catalog/web/jug.jpg"
"cat_k_jug_8","cat_k_jug_8.jpg","Kitchen Utensils","Jug","Salvin","/images/catalog/web/jug.jpg"
"cat_k_jug_9","cat_k_jug_9.jpg","Kitchen Utensils","Jug","Salvin - Plastic with Cups","/images/catalog/web/jug.jpg"
"cat_k_jug_10","cat_k_jug_10.jpg","Kitchen Utensils","Jug","SMP - Unbreakable with Cups","/images/catalog/web/jug.jpg"
"cat_k_jug_11","cat_k_jug_11.jpg","Kitchen Utensils","Jug","SMP - Unbreakable with Cups/Handle","/images/catalog/web/jug.jpg"
"cat_k_jug_12","cat_k_jug_12.jpg","Kitchen Utensils","Jug","Stainless","/images/catalog/web/jug.jpg"
"cat_k_jug_13","cat_k_jug_13.jpg","Kitchen Utensils","Jug","Yeecome","/images/catalog/web/jug.jpg"
"cat_k_juicer_1","cat_k_juicer_1.jpg","Kitchen Utensils","Juicer","Manual","/images/catalog/web/juicer.jpg"
"cat_k_juicer_2","cat_k_juicer_2.jpg","Kitchen Utensils","Juicer","Rechargeable","/images/catalog/web/juicer.jpg"
"cat_k_kettle_1","cat_k_kettle_1.jpg","Kitchen Utensils","Kettle","Crown Star - 5L - Electric","/images/catalog/web/kettle.jpg"
"cat_k_kettle_2","cat_k_kettle_2.jpg","Kitchen Utensils","Kettle","Manna - ZBH03 - 3L - Whistling Kettle","/images/catalog/web/kettle.jpg"
"cat_k_kettle_3","cat_k_kettle_3.jpg","Kitchen Utensils","Kettle","SMP - SK03 - 4L - Whistling Kettle","/images/catalog/web/kettle.jpg"
"cat_k_kettle_4","cat_k_kettle_4.jpg","Kitchen Utensils","Kettle","Tower - Alluminium - 3L","/images/catalog/web/kettle.jpg"
"cat_k_kettle_5","cat_k_kettle_5.jpg","Kitchen Utensils","Kettle","Tower - Stainless - 3L","/images/catalog/web/kettle.jpg"
"cat_k_kitchen-spoon_1","cat_k_kitchen-spoon_1.jpg","Kitchen Utensils","Kitchen Spoon","Kiko - 6 Pcs","/images/catalog/web/kitchen-spoon.jpg"
"cat_k_kitchen-spoon_2","cat_k_kitchen-spoon_2.jpg","Kitchen Utensils","Kitchen Spoon","Kitchenware - 4 Pcs","/images/catalog/web/kitchen-spoon.jpg"
"cat_k_kitchen-spoon_3","cat_k_kitchen-spoon_3.jpg","Kitchen Utensils","Kitchen Spoon","Original - 2 in 1","/images/catalog/web/kitchen-spoon.jpg"
"cat_k_kitchen-spoon_4","cat_k_kitchen-spoon_4.jpg","Kitchen Utensils","Kitchen Spoon","Original - Single","/images/catalog/web/kitchen-spoon.jpg"
"cat_k_kitchen-spoon_5","cat_k_kitchen-spoon_5.jpg","Kitchen Utensils","Kitchen Spoon","Paradiso - 32 Pcs","/images/catalog/web/kitchen-spoon.jpg"
"cat_k_kitchen-spoon_6","cat_k_kitchen-spoon_6.jpg","Kitchen Utensils","Kitchen Spoon","Paradiso - 7 Pcs","/images/catalog/web/kitchen-spoon.jpg"
"cat_k_kitchen-spoon_7","cat_k_kitchen-spoon_7.jpg","Kitchen Utensils","Kitchen Spoon","Rubber - 6 in 1","/images/catalog/web/kitchen-spoon.jpg"
"cat_k_kitchen-spoon_8","cat_k_kitchen-spoon_8.jpg","Kitchen Utensils","Kitchen Spoon","Tianmu Boutique - Kitchen Suit - 5 in 1","/images/catalog/web/kitchen-spoon.jpg"
"cat_k_kitchen-spoon_9","cat_k_kitchen-spoon_9.jpg","Kitchen Utensils","Kitchen Spoon","Various","/images/catalog/web/kitchen-spoon.jpg"
"cat_k_kitchen-spoon_10","cat_k_kitchen-spoon_10.jpg","Kitchen Utensils","Kitchen Spoon","Yi Guan - 12 Pcs","/images/catalog/web/kitchen-spoon.jpg"
"cat_k_knife_1","cat_k_knife_1.jpg","Kitchen Utensils","Knife","Butcher Knife - 2011","/images/catalog/web/knife.jpg"
"cat_k_knife_2","cat_k_knife_2.jpg","Kitchen Utensils","Knife","Butcher Knife - JP125# / 6 inch","/images/catalog/web/knife.jpg"
"cat_k_knife_3","cat_k_knife_3.jpg","Kitchen Utensils","Knife","China - Fruit Knife Set","/images/catalog/web/knife.jpg"
"cat_k_knife_4","cat_k_knife_4.jpg","Kitchen Utensils","Knife","Forging Family - 6 Pcs - Nil","/images/catalog/web/knife.jpg"
"cat_k_knife_5","cat_k_knife_5.jpg","Kitchen Utensils","Knife","Kitchen Knife - 7 inch","/images/catalog/web/knife.jpg"
"cat_k_knife_6","cat_k_knife_6.jpg","Kitchen Utensils","Knife","Rashnik - Single","/images/catalog/web/knife.jpg"
"cat_k_lunch-box_1","cat_k_lunch-box_1.jpg","Kitchen Utensils","Lunch Box","Canada","/images/catalog/web/lunch-box.jpg"
"cat_k_lunch-box_2","cat_k_lunch-box_2.jpg","Kitchen Utensils","Lunch Box","China - 1L","/images/catalog/web/lunch-box.jpg"
"cat_k_lunch-box_3","cat_k_lunch-box_3.jpg","Kitchen Utensils","Lunch Box","China - 2L","/images/catalog/web/lunch-box.jpg"
"cat_k_lunch-box_4","cat_k_lunch-box_4.jpg","Kitchen Utensils","Lunch Box","IQIX","/images/catalog/web/lunch-box.jpg"
"cat_k_lunch-box_5","cat_k_lunch-box_5.jpg","Kitchen Utensils","Lunch Box","Multifuntional - Electric - 2L","/images/catalog/web/lunch-box.jpg"
"cat_k_lunch-box_6","cat_k_lunch-box_6.jpg","Kitchen Utensils","Lunch Box","Single","/images/catalog/web/lunch-box.jpg"
"cat_k_lunch-box_7","cat_k_lunch-box_7.jpg","Kitchen Utensils","Lunch Box","With Divider","/images/catalog/web/lunch-box.jpg"
"cat_k_massager_1","cat_k_massager_1.jpg","Kitchen Utensils","Massager","Face","/images/catalog/web/massager.jpg"
"cat_k_microwave_1","cat_k_microwave_1.jpg","Kitchen Utensils","Microwave","Hisence - H20MOBS11","/images/catalog/web/microwave.jpg"
"cat_k_mopping-stick_1","cat_k_mopping-stick_1.jpg","Kitchen Utensils","Mopping Stick","Big","/images/catalog/web/mopping-stick.jpg"
"cat_k_mopping-stick_2","cat_k_mopping-stick_2.jpg","Kitchen Utensils","Mopping Stick","Medium","/images/catalog/web/mopping-stick.jpg"
"cat_k_mopping-stick_3","cat_k_mopping-stick_3.jpg","Kitchen Utensils","Mopping Stick","Small","/images/catalog/web/mopping-stick.jpg"
"cat_k_mug_1","cat_k_mug_1.jpg","Kitchen Utensils","Mug","Coffee Break - With Spoon","/images/catalog/web/mug.jpg"
"cat_k_mug_2","cat_k_mug_2.jpg","Kitchen Utensils","Mug","Emel with Spoons","/images/catalog/web/mug.jpg"
"cat_k_mug_3","cat_k_mug_3.jpg","Kitchen Utensils","Mug","Hana - Single","/images/catalog/web/mug.jpg"
"cat_k_mug_4","cat_k_mug_4.jpg","Kitchen Utensils","Mug","SMP - Single","/images/catalog/web/mug.jpg"
"cat_k_napkin_1","cat_k_napkin_1.jpg","Kitchen Utensils","Napkin","Kitchen - 3 in 1","/images/catalog/web/napkin.jpg"
"cat_k_nylon_1","cat_k_nylon_1.jpg","Kitchen Utensils","Nylon","Takeaway","/images/catalog/web/nylon.jpg"
"cat_k_parker_1","cat_k_parker_1.jpg","Kitchen Utensils","Parker","Standard","/images/catalog/web/parker.jpg"
"cat_k_peg_1","cat_k_peg_1.jpg","Kitchen Utensils","Peg","Sunbelt for Clothe","/images/catalog/web/peg.jpg"
"cat_k_peg_2","cat_k_peg_2.jpg","Kitchen Utensils","Peg","XRZ - Big","/images/catalog/web/peg.jpg"
"cat_k_peg_3","cat_k_peg_3.jpg","Kitchen Utensils","Peg","XRZ - Small","/images/catalog/web/peg.jpg"
"cat_k_plate_1","cat_k_plate_1.jpg","Kitchen Utensils","Plate","Ceramic Plate with Spoon","/images/catalog/web/plate.jpg"
"cat_k_plate_2","cat_k_plate_2.jpg","Kitchen Utensils","Plate","China - 5 Pcs","/images/catalog/web/plate.jpg"
"cat_k_plate_3","cat_k_plate_3.jpg","Kitchen Utensils","Plate","China - Deqin - 4 Pcs","/images/catalog/web/plate.jpg"
"cat_k_plate_4","cat_k_plate_4.jpg","Kitchen Utensils","Plate","Cran Berry - Dinner Set - 10 Pcs White","/images/catalog/web/plate.jpg"
"cat_k_plate_5","cat_k_plate_5.jpg","Kitchen Utensils","Plate","Happy Family - Dinner Set - 4 Pcs","/images/catalog/web/plate.jpg"
"cat_k_plate_6","cat_k_plate_6.jpg","Kitchen Utensils","Plate","SMP - Dinner Set - 3 Pcs","/images/catalog/web/plate.jpg"
"cat_k_plate_7","cat_k_plate_7.jpg","Kitchen Utensils","Plate","SMP - Dinner Set - 6 Pcs","/images/catalog/web/plate.jpg"
"cat_k_plate_8","cat_k_plate_8.jpg","Kitchen Utensils","Plate","Square - Dinner Set - 6 Pcs","/images/catalog/web/plate.jpg"
"cat_k_plate-rack_1","cat_k_plate-rack_1.jpg","Kitchen Utensils","Plate Rack","Concept Fashion - Multipurpose","/images/catalog/web/plate-rack.jpg"
"cat_k_plate-rack_2","cat_k_plate-rack_2.jpg","Kitchen Utensils","Plate Rack","Maximus","/images/catalog/web/plate-rack.jpg"
"cat_k_plate-rack_3","cat_k_plate-rack_3.jpg","Kitchen Utensils","Plate Rack","Multifunctional","/images/catalog/web/plate-rack.jpg"
"cat_k_plate-rack_4","cat_k_plate-rack_4.jpg","Kitchen Utensils","Plate Rack","Multifunctional - Table","/images/catalog/web/plate-rack.jpg"
"cat_k_plate-rack_5","cat_k_plate-rack_5.jpg","Kitchen Utensils","Plate Rack","Pentagon","/images/catalog/web/plate-rack.jpg"
"cat_k_plate-rack_6","cat_k_plate-rack_6.jpg","Kitchen Utensils","Plate Rack","Plate - 2 Steps","/images/catalog/web/plate-rack.jpg"
"cat_k_plate-rack_7","cat_k_plate-rack_7.jpg","Kitchen Utensils","Plate Rack","QDR-247","/images/catalog/web/plate-rack.jpg"
"cat_k_plate-rack_8","cat_k_plate-rack_8.jpg","Kitchen Utensils","Plate Rack","QDR-252+","/images/catalog/web/plate-rack.jpg"
"cat_k_plate-rack_9","cat_k_plate-rack_9.jpg","Kitchen Utensils","Plate Rack","Rashnik - RN-1602","/images/catalog/web/plate-rack.jpg"
"cat_k_plate-rack_10","cat_k_plate-rack_10.jpg","Kitchen Utensils","Plate Rack","Rashnik - RN-1603","/images/catalog/web/plate-rack.jpg"
"cat_k_plate-rack_11","cat_k_plate-rack_11.jpg","Kitchen Utensils","Plate Rack","Rashnik - RN-1606","/images/catalog/web/plate-rack.jpg"
"cat_k_plate-rack_12","cat_k_plate-rack_12.jpg","Kitchen Utensils","Plate Rack","Rashnik - RN-1607","/images/catalog/web/plate-rack.jpg"
"cat_k_plate-rack_13","cat_k_plate-rack_13.jpg","Kitchen Utensils","Plate Rack","Rashnik - RN-1636","/images/catalog/web/plate-rack.jpg"
"cat_k_plate-rack_14","cat_k_plate-rack_14.jpg","Kitchen Utensils","Plate Rack","Salvin - Big","/images/catalog/web/plate-rack.jpg"
"cat_k_plate-rack_15","cat_k_plate-rack_15.jpg","Kitchen Utensils","Plate Rack","Salvin - Small","/images/catalog/web/plate-rack.jpg"
"cat_k_plate-rack_16","cat_k_plate-rack_16.jpg","Kitchen Utensils","Plate Rack","Salvin with Cover","/images/catalog/web/plate-rack.jpg"
"cat_k_plunger_1","cat_k_plunger_1.jpg","Kitchen Utensils","Plunger","Standard","/images/catalog/web/plunger.jpg"
"cat_k_pot_1","cat_k_pot_1.jpg","Kitchen Utensils","Pot","Casserole S-6022 - 7 in 1","/images/catalog/web/pot.jpg"
"cat_k_pot_2","cat_k_pot_2.jpg","Kitchen Utensils","Pot","Casserole S-6024 - 3 in 1","/images/catalog/web/pot.jpg"
"cat_k_pot_3","cat_k_pot_3.jpg","Kitchen Utensils","Pot","Dzire - DZ-5127 - 6 pcs","/images/catalog/web/pot.jpg"
"cat_k_pot_4","cat_k_pot_4.jpg","Kitchen Utensils","Pot","Hoffner - 3 in 1","/images/catalog/web/pot.jpg"
"cat_k_pot_5","cat_k_pot_5.jpg","Kitchen Utensils","Pot","Hoffner - 801 (Non-Stick) - 3 in 1 with Fry Pan","/images/catalog/web/pot.jpg"
"cat_k_pot_6","cat_k_pot_6.jpg","Kitchen Utensils","Pot","Hoffner - Heavy Pot - 4 in 1","/images/catalog/web/pot.jpg"
"cat_k_pot_7","cat_k_pot_7.jpg","Kitchen Utensils","Pot","Hoffner - Non Stick - 3 in 1","/images/catalog/web/pot.jpg"
"cat_k_pot_8","cat_k_pot_8.jpg","Kitchen Utensils","Pot","Hoffner's - 3401 - 3 in 1","/images/catalog/web/pot.jpg"
"cat_k_pot_9","cat_k_pot_9.jpg","Kitchen Utensils","Pot","Kinelco - KN-5SP2 - Belli - 5 in 1","/images/catalog/web/pot.jpg"
"cat_k_pot_10","cat_k_pot_10.jpg","Kitchen Utensils","Pot","Kinelco - KN-6016 - 4 in 1","/images/catalog/web/pot.jpg"
"cat_k_pot_11","cat_k_pot_11.jpg","Kitchen Utensils","Pot","Kitchenmate - 4 Pcs - 4A","/images/catalog/web/pot.jpg"
"cat_k_pot_12","cat_k_pot_12.jpg","Kitchen Utensils","Pot","Kitchenmate - 4 Pcs - 4B","/images/catalog/web/pot.jpg"
"cat_k_pot_13","cat_k_pot_13.jpg","Kitchen Utensils","Pot","Picasso - 3C","/images/catalog/web/pot.jpg"
"cat_k_pot_14","cat_k_pot_14.jpg","Kitchen Utensils","Pot","Picasso - 4 Pcs - 4A","/images/catalog/web/pot.jpg"
"cat_k_pot_15","cat_k_pot_15.jpg","Kitchen Utensils","Pot","Rashnik - RN-4852 - 5 in 1","/images/catalog/web/pot.jpg"
"cat_k_pot_16","cat_k_pot_16.jpg","Kitchen Utensils","Pot","Soupy Pan - 1 in 1","/images/catalog/web/pot.jpg"
"cat_k_pot_17","cat_k_pot_17.jpg","Kitchen Utensils","Pot","Tornado - 7 in 1","/images/catalog/web/pot.jpg"
"cat_k_pot_18","cat_k_pot_18.jpg","Kitchen Utensils","Pot","Tower Classic - 5 in 1","/images/catalog/web/pot.jpg"
"cat_k_pot_19","cat_k_pot_19.jpg","Kitchen Utensils","Pot","Tower Gold - 5 in 1","/images/catalog/web/pot.jpg"
"cat_k_pot_20","cat_k_pot_20.jpg","Kitchen Utensils","Pot","Tower Trim - Bigi","/images/catalog/web/pot.jpg"
"cat_k_pressure-pot_1","cat_k_pressure-pot_1.jpg","Kitchen Utensils","Pressure Pot","Kinelco - KN-9295 - 9.5L","/images/catalog/web/pressure-pot.jpg"
"cat_k_rack_1","cat_k_rack_1.jpg","Kitchen Utensils","Rack","Egg","/images/catalog/web/rack.jpg"
"cat_k_rack_2","cat_k_rack_2.jpg","Kitchen Utensils","Rack","Spice - 6 Pcs","/images/catalog/web/rack.jpg"
"cat_k_rice-cooker_1","cat_k_rice-cooker_1.jpg","Kitchen Utensils","Rice Cooker","Binatone - 1.8L","/images/catalog/web/rice-cooker.jpg"
"cat_k_rice-cooker_2","cat_k_rice-cooker_2.jpg","Kitchen Utensils","Rice Cooker","Master Chef - 1.8L","/images/catalog/web/rice-cooker.jpg"
"cat_k_rice-cooker_3","cat_k_rice-cooker_3.jpg","Kitchen Utensils","Rice Cooker","Master Chef - 3L","/images/catalog/web/rice-cooker.jpg"
"cat_k_sandwich-maker_1","cat_k_sandwich-maker_1.jpg","Kitchen Utensils","Sandwich Maker","Maximus - 2 Face","/images/catalog/web/sandwich-maker.jpg"
"cat_k_scissors_1","cat_k_scissors_1.jpg","Kitchen Utensils","Scissors","Multiprupose Kitchen Suit","/images/catalog/web/scissors.jpg"
"cat_k_scissors_2","cat_k_scissors_2.jpg","Kitchen Utensils","Scissors","Standard","/images/catalog/web/scissors.jpg"
"cat_k_shapner_1","cat_k_shapner_1.jpg","Kitchen Utensils","Shapner","Knife","/images/catalog/web/shapner.jpg"
"cat_k_shaving-stick_1","cat_k_shaving-stick_1.jpg","Kitchen Utensils","Shaving Stick","Single","/images/catalog/web/shaving-stick.jpg"
"cat_k_shoe-rack_1","cat_k_shoe-rack_1.jpg","Kitchen Utensils","Shoe Rack","2 Layers","/images/catalog/web/shoe-rack.jpg"
"cat_k_shoe-rack_2","cat_k_shoe-rack_2.jpg","Kitchen Utensils","Shoe Rack","3 Layers","/images/catalog/web/shoe-rack.jpg"
"cat_k_shoe-rack_3","cat_k_shoe-rack_3.jpg","Kitchen Utensils","Shoe Rack","Plastic - 5 Layers","/images/catalog/web/shoe-rack.jpg"
"cat_k_sieve_1","cat_k_sieve_1.jpg","Kitchen Utensils","Sieve","2 in 1 - Rice Sieve","/images/catalog/web/sieve.jpg"
"cat_k_sieve_2","cat_k_sieve_2.jpg","Kitchen Utensils","Sieve","Elubo","/images/catalog/web/sieve.jpg"
"cat_k_sieve_3","cat_k_sieve_3.jpg","Kitchen Utensils","Sieve","Salvin - Rice","/images/catalog/web/sieve.jpg"
"cat_k_sieve_4","cat_k_sieve_4.jpg","Kitchen Utensils","Sieve","Standard","/images/catalog/web/sieve.jpg"
"cat_k_sieve_5","cat_k_sieve_5.jpg","Kitchen Utensils","Sieve","Sunrise - 6 in 1","/images/catalog/web/sieve.jpg"
"cat_k_soap-case_1","cat_k_soap-case_1.jpg","Kitchen Utensils","Soap Case","Bath Collection - 2 in 1","/images/catalog/web/soap-case.jpg"
"cat_k_soap-case_2","cat_k_soap-case_2.jpg","Kitchen Utensils","Soap Case","Bath Collection - Single","/images/catalog/web/soap-case.jpg"
"cat_k_soap-case_3","cat_k_soap-case_3.jpg","Kitchen Utensils","Soap Case","Meisier","/images/catalog/web/soap-case.jpg"
"cat_k_soap-case_4","cat_k_soap-case_4.jpg","Kitchen Utensils","Soap Case","Salvin","/images/catalog/web/soap-case.jpg"
"cat_k_soap-case_5","cat_k_soap-case_5.jpg","Kitchen Utensils","Soap Case","Sun Belt","/images/catalog/web/soap-case.jpg"
"cat_k_sponge_1","cat_k_sponge_1.jpg","Kitchen Utensils","Sponge","Bathing","/images/catalog/web/sponge.jpg"
"cat_k_sponge_2","cat_k_sponge_2.jpg","Kitchen Utensils","Sponge","Clothe for Plate","/images/catalog/web/sponge.jpg"
"cat_k_sponge_3","cat_k_sponge_3.jpg","Kitchen Utensils","Sponge","Iron for Plate and Pot","/images/catalog/web/sponge.jpg"
"cat_k_spoon_3","cat_k_spoon_3.jpg","Kitchen Utensils","Spoon","Gold (Spoon and Folk)","/images/catalog/web/spoon.jpg"
"cat_k_spoon_4","cat_k_spoon_4.jpg","Kitchen Utensils","Spoon","Heavy","/images/catalog/web/spoon.jpg"
"cat_k_spoon_5","cat_k_spoon_5.jpg","Kitchen Utensils","Spoon","Ordinary","/images/catalog/web/spoon.jpg"
"cat_k_spoon_6","cat_k_spoon_6.jpg","Kitchen Utensils","Spoon","Silver - Pieces","/images/catalog/web/spoon.jpg"
"cat_k_spoon_7","cat_k_spoon_7.jpg","Kitchen Utensils","Spoon","Takeaway","/images/catalog/web/spoon.jpg"
"cat_k_spoon-holder_1","cat_k_spoon-holder_1.jpg","Kitchen Utensils","Spoon Holder","China","/images/catalog/web/spoon-holder.jpg"
"cat_k_stock-pot_1","cat_k_stock-pot_1.jpg","Kitchen Utensils","Stock Pot","IPHIE - 4 in 1","/images/catalog/web/stock-pot.jpg"
"cat_k_takeaway-plate_1","cat_k_takeaway-plate_1.jpg","Kitchen Utensils","Takeaway Plate","Standard","/images/catalog/web/takeaway-plate.jpg"
"cat_k_tissue_1","cat_k_tissue_1.jpg","Kitchen Utensils","Tissue","Standard","/images/catalog/web/tissue.jpg"
"cat_k_tommy-trimmer_1","cat_k_tommy-trimmer_1.jpg","Kitchen Utensils","Tommy Trimmer","Standard","/images/catalog/web/tommy-trimmer.jpg"
"cat_k_towel_1","cat_k_towel_1.jpg","Kitchen Utensils","Towel","3 in 1","/images/catalog/web/towel.jpg"
"cat_k_toy_1","cat_k_toy_1.jpg","Kitchen Utensils","Toy","Fruits and Vegetables","/images/catalog/web/toy.jpg"
"cat_k_tray_1","cat_k_tray_1.jpg","Kitchen Utensils","Tray","3 in 1","/images/catalog/web/tray.jpg"
"cat_k_tray_2","cat_k_tray_2.jpg","Kitchen Utensils","Tray","Formica - 2 in 1","/images/catalog/web/tray.jpg"
"cat_k_tray_3","cat_k_tray_3.jpg","Kitchen Utensils","Tray","Leave - Small and Big","/images/catalog/web/tray.jpg"
"cat_k_tray_4","cat_k_tray_4.jpg","Kitchen Utensils","Tray","Plastic","/images/catalog/web/tray.jpg"
"cat_k_tray_5","cat_k_tray_5.jpg","Kitchen Utensils","Tray","T023","/images/catalog/web/tray.jpg"
"cat_k_tray_6","cat_k_tray_6.jpg","Kitchen Utensils","Tray","White - Big Single","/images/catalog/web/tray.jpg"
"cat_k_tray_7","cat_k_tray_7.jpg","Kitchen Utensils","Tray","White - Small","/images/catalog/web/tray.jpg"
"cat_k_trolley_1","cat_k_trolley_1.jpg","Kitchen Utensils","Trolley","Big","/images/catalog/web/trolley.jpg"
"cat_k_trolley_2","cat_k_trolley_2.jpg","Kitchen Utensils","Trolley","Small","/images/catalog/web/trolley.jpg"
"cat_k_umbrella_1","cat_k_umbrella_1.jpg","Kitchen Utensils","Umbrella","Big - Long","/images/catalog/web/umbrella.jpg"
"cat_k_umbrella_2","cat_k_umbrella_2.jpg","Kitchen Utensils","Umbrella","Big - Short","/images/catalog/web/umbrella.jpg"
"cat_k_umbrella_3","cat_k_umbrella_3.jpg","Kitchen Utensils","Umbrella","Bottled - Short","/images/catalog/web/umbrella.jpg"
"cat_k_unbreakable-dish_1","cat_k_unbreakable-dish_1.jpg","Kitchen Utensils","Unbreakable Dish","2 in 1","/images/catalog/web/unbreakable-dish.jpg"
"cat_k_unbreakable-dish_2","cat_k_unbreakable-dish_2.jpg","Kitchen Utensils","Unbreakable Dish","2 in 1 - Greeen","/images/catalog/web/unbreakable-dish.jpg"
"cat_k_unbreakable-dish_3","cat_k_unbreakable-dish_3.jpg","Kitchen Utensils","Unbreakable Dish","2 in 1 with Tray","/images/catalog/web/unbreakable-dish.jpg"
"cat_k_unbreakable-dish_4","cat_k_unbreakable-dish_4.jpg","Kitchen Utensils","Unbreakable Dish","2 in 1 with Tray - Brown","/images/catalog/web/unbreakable-dish.jpg"
"cat_k_unbreakable-dish_5","cat_k_unbreakable-dish_5.jpg","Kitchen Utensils","Unbreakable Dish","3 in 1","/images/catalog/web/unbreakable-dish.jpg"
"cat_k_unbreakable-dish_6","cat_k_unbreakable-dish_6.jpg","Kitchen Utensils","Unbreakable Dish","3 in 1 with Tray","/images/catalog/web/unbreakable-dish.jpg"
"cat_k_unbreakable-dish_7","cat_k_unbreakable-dish_7.jpg","Kitchen Utensils","Unbreakable Dish","Fish - 3 in 1","/images/catalog/web/unbreakable-dish.jpg"
"cat_k_unbreakable-plate_1","cat_k_unbreakable-plate_1.jpg","Kitchen Utensils","Unbreakable Plate","3 White/Brown - WY1015 - Dectagon","/images/catalog/web/unbreakable-plate.jpg"
"cat_k_unbreakable-plate_2","cat_k_unbreakable-plate_2.jpg","Kitchen Utensils","Unbreakable Plate","B2009 - Flat","/images/catalog/web/unbreakable-plate.jpg"
"cat_k_unbreakable-plate_3","cat_k_unbreakable-plate_3.jpg","Kitchen Utensils","Unbreakable Plate","Campalla - 85110 - Flat","/images/catalog/web/unbreakable-plate.jpg"
"cat_k_unbreakable-plate_4","cat_k_unbreakable-plate_4.jpg","Kitchen Utensils","Unbreakable Plate","Kitchen Star - 4 in 1","/images/catalog/web/unbreakable-plate.jpg"
"cat_k_unbreakable-plate_5","cat_k_unbreakable-plate_5.jpg","Kitchen Utensils","Unbreakable Plate","MEC-VIN - 3062 Green - Bowl","/images/catalog/web/unbreakable-plate.jpg"
"cat_k_unbreakable-plate_6","cat_k_unbreakable-plate_6.jpg","Kitchen Utensils","Unbreakable Plate","MEC-VIN - Green - Flat - Round","/images/catalog/web/unbreakable-plate.jpg"
"cat_k_unbreakable-plate_7","cat_k_unbreakable-plate_7.jpg","Kitchen Utensils","Unbreakable Plate","MEC-VIN - Green - Flat - Square","/images/catalog/web/unbreakable-plate.jpg"
"cat_k_unbreakable-plate_8","cat_k_unbreakable-plate_8.jpg","Kitchen Utensils","Unbreakable Plate","Pink - 3673 - Bowl","/images/catalog/web/unbreakable-plate.jpg"
"cat_k_unbreakable-plate_9","cat_k_unbreakable-plate_9.jpg","Kitchen Utensils","Unbreakable Plate","Pink at the Edge - 1009 - Round - Big","/images/catalog/web/unbreakable-plate.jpg"
"cat_k_unbreakable-plate_10","cat_k_unbreakable-plate_10.jpg","Kitchen Utensils","Unbreakable Plate","Pink at the Edge - B2008 - Round - Small","/images/catalog/web/unbreakable-plate.jpg"
"cat_k_unbreakable-plate_11","cat_k_unbreakable-plate_11.jpg","Kitchen Utensils","Unbreakable Plate","Shell - 33105 - Different Colours","/images/catalog/web/unbreakable-plate.jpg"
"cat_k_unbreakable-plate_12","cat_k_unbreakable-plate_12.jpg","Kitchen Utensils","Unbreakable Plate","White - 101 - 2 in 1","/images/catalog/web/unbreakable-plate.jpg"
"cat_k_unbreakable-plate_13","cat_k_unbreakable-plate_13.jpg","Kitchen Utensils","Unbreakable Plate","White - 23118 - Flat","/images/catalog/web/unbreakable-plate.jpg"
"cat_k_unbreakable-plate_14","cat_k_unbreakable-plate_14.jpg","Kitchen Utensils","Unbreakable Plate","White - B105","/images/catalog/web/unbreakable-plate.jpg"
"cat_k_unbreakable-plate_15","cat_k_unbreakable-plate_15.jpg","Kitchen Utensils","Unbreakable Plate","White - JY258 - Ova","/images/catalog/web/unbreakable-plate.jpg"
"cat_k_unbreakable-plate_16","cat_k_unbreakable-plate_16.jpg","Kitchen Utensils","Unbreakable Plate","White - JY269 - Round","/images/catalog/web/unbreakable-plate.jpg"
"cat_k_unbreakable-plate_17","cat_k_unbreakable-plate_17.jpg","Kitchen Utensils","Unbreakable Plate","White Leave - 6309 - Bowl","/images/catalog/web/unbreakable-plate.jpg"
"cat_k_unbreakable-plate_18","cat_k_unbreakable-plate_18.jpg","Kitchen Utensils","Unbreakable Plate","White Leave Flat - 3309","/images/catalog/web/unbreakable-plate.jpg"
"cat_k_unbreakable-plate_19","cat_k_unbreakable-plate_19.jpg","Kitchen Utensils","Unbreakable Plate","White with Flower - 660","/images/catalog/web/unbreakable-plate.jpg"
"cat_k_unbreakable-plate_20","cat_k_unbreakable-plate_20.jpg","Kitchen Utensils","Unbreakable Plate","White with Flower - 660 - Bowl","/images/catalog/web/unbreakable-plate.jpg"
"cat_k_unbreakable-tray_1","cat_k_unbreakable-tray_1.jpg","Kitchen Utensils","Unbreakable Tray","Big","/images/catalog/web/unbreakable-tray.jpg"
"cat_k_wardrope_1","cat_k_wardrope_1.jpg","Kitchen Utensils","Wardrope","Wonder Home - Nil","/images/catalog/web/wardrope.jpg"
"cat_k_water-bottle_1","cat_k_water-bottle_1.jpg","Kitchen Utensils","Water Bottle","Cool","/images/catalog/web/water-bottle.jpg"
"cat_k_water-bottle_2","cat_k_water-bottle_2.jpg","Kitchen Utensils","Water Bottle","Generation - Big with Sieve","/images/catalog/web/water-bottle.jpg"
"cat_k_water-bottle_3","cat_k_water-bottle_3.jpg","Kitchen Utensils","Water Bottle","Generation - Small with Sieve","/images/catalog/web/water-bottle.jpg"
"cat_k_water-bottle_4","cat_k_water-bottle_4.jpg","Kitchen Utensils","Water Bottle","Green","/images/catalog/web/water-bottle.jpg"
"cat_k_water-bottle_5","cat_k_water-bottle_5.jpg","Kitchen Utensils","Water Bottle","Motivational","/images/catalog/web/water-bottle.jpg"
"cat_k_water-bottle_6","cat_k_water-bottle_6.jpg","Kitchen Utensils","Water Bottle","S-8520 - 600ML","/images/catalog/web/water-bottle.jpg"
"cat_k_water-bottle_7","cat_k_water-bottle_7.jpg","Kitchen Utensils","Water Bottle","Salvin - Hot and Cold","/images/catalog/web/water-bottle.jpg"
"cat_k_water-bottle_8","cat_k_water-bottle_8.jpg","Kitchen Utensils","Water Bottle","Salvin - Small","/images/catalog/web/water-bottle.jpg"
"cat_k_water-bottle_9","cat_k_water-bottle_9.jpg","Kitchen Utensils","Water Bottle","Salvin - transparent","/images/catalog/web/water-bottle.jpg"
"cat_k_water-bottle_10","cat_k_water-bottle_10.jpg","Kitchen Utensils","Water Bottle","Salvin with Straw","/images/catalog/web/water-bottle.jpg"
"cat_k_water-bottle_11","cat_k_water-bottle_11.jpg","Kitchen Utensils","Water Bottle","Sport Bottle","/images/catalog/web/water-bottle.jpg"
"cat_k_water-bottle_12","cat_k_water-bottle_12.jpg","Kitchen Utensils","Water Bottle","The Kettle - 1.2L","/images/catalog/web/water-bottle.jpg"
"cat_k_water-flask_1","cat_k_water-flask_1.jpg","Kitchen Utensils","Water Flask","China - 1L","/images/catalog/web/water-flask.jpg"
"cat_k_water-flask_2","cat_k_water-flask_2.jpg","Kitchen Utensils","Water Flask","China - Leinuo - 400ML","/images/catalog/web/water-flask.jpg"
"cat_k_water-flask_3","cat_k_water-flask_3.jpg","Kitchen Utensils","Water Flask","China - School - 500ML","/images/catalog/web/water-flask.jpg"
"cat_k_water-flask_4","cat_k_water-flask_4.jpg","Kitchen Utensils","Water Flask","China - Vacuum - 1L","/images/catalog/web/water-flask.jpg"
"cat_k_water-flask_5","cat_k_water-flask_5.jpg","Kitchen Utensils","Water Flask","China - Vacuum - 700ML","/images/catalog/web/water-flask.jpg"
"cat_k_water-flask_6","cat_k_water-flask_6.jpg","Kitchen Utensils","Water Flask","China - Vacuum Cup - 500ML","/images/catalog/web/water-flask.jpg"
"cat_k_water-flask_7","cat_k_water-flask_7.jpg","Kitchen Utensils","Water Flask","Inox Bottle - 800ML","/images/catalog/web/water-flask.jpg"
"cat_k_water-flask_8","cat_k_water-flask_8.jpg","Kitchen Utensils","Water Flask","Leinuo - 300ML","/images/catalog/web/water-flask.jpg"
"cat_k_water-flask_9","cat_k_water-flask_9.jpg","Kitchen Utensils","Water Flask","Magic Cook - 600ML","/images/catalog/web/water-flask.jpg"
"cat_k_water-flask_10","cat_k_water-flask_10.jpg","Kitchen Utensils","Water Flask","Magic Cook - VF9435 - 4L","/images/catalog/web/water-flask.jpg"
"cat_k_water-flask_11","cat_k_water-flask_11.jpg","Kitchen Utensils","Water Flask","Master Chef - 6055 - 1.2L","/images/catalog/web/water-flask.jpg"
"cat_k_water-flask_12","cat_k_water-flask_12.jpg","Kitchen Utensils","Water Flask","Master Chef - F912 - 2L","/images/catalog/web/water-flask.jpg"
"cat_k_water-flask_13","cat_k_water-flask_13.jpg","Kitchen Utensils","Water Flask","Smart Cup - LED - 400ML","/images/catalog/web/water-flask.jpg"
"cat_k_water-flask_14","cat_k_water-flask_14.jpg","Kitchen Utensils","Water Flask","SMP - 800ML","/images/catalog/web/water-flask.jpg"
"cat_k_water-flask_15","cat_k_water-flask_15.jpg","Kitchen Utensils","Water Flask","Vacuum Bottle with 2 Cups - 500ML","/images/catalog/web/water-flask.jpg"
"cat_k_yam-pounder_1","cat_k_yam-pounder_1.jpg","Kitchen Utensils","Yam Pounder","Kenwood - 3L - Nil","/images/catalog/web/yam-pounder.jpg"
"cat_k_yam-pounder_2","cat_k_yam-pounder_2.jpg","Kitchen Utensils","Yam Pounder","Kenwood - 5L - Nil","/images/catalog/web/yam-pounder.jpg"
