id,category,group,title,current_price,new_price
"cat_e_adaptor_1","Electrical Materials and Fittings","Adaptor","Multipurpose - Orange",0,
"cat_e_adaptor_2","Electrical Materials and Fittings","Adaptor","Multipurpose - White - 15 A",0,
"cat_k_air-freshner_1","Kitchen Utensils","Air Freshner","Standard",0,
"cat_b_baby-care_1","Babies Wears","Baby Care","Plate and Spoon",0,
"cat_k_bag_1","Kitchen Utensils","Bag","Bagco",0,
"cat_k_bag_2","Kitchen Utensils","Bag","Fancy",0,
"cat_k_bag_3","Kitchen Utensils","Bag","Lunch - Black - Big",0,
"cat_k_bag_4","Kitchen Utensils","Bag","Lunch - Character",0,
"cat_k_bag_5","Kitchen Utensils","Bag","Lunch - Character - 4 Corner",0,
"cat_k_bag_6","Kitchen Utensils","Bag","Lunch - Character - Big",0,
"cat_k_bag_7","Kitchen Utensils","Bag","School - Black - Big",0,
"cat_k_bag_8","Kitchen Utensils","Bag","School - Charater - Big",0,
"cat_k_bag_9","Kitchen Utensils","Bag","School - Charater - Medium",0,
"cat_k_bag_10","Kitchen Utensils","Bag","School - Charater - Small",0,
"cat_k_basket_1","Kitchen Utensils","Basket","Clothe - Big - Lundry - Round",0,
"cat_k_basket_2","Kitchen Utensils","Basket","Clothe - Small - Lundry - Round",0,
"cat_k_basket_3","Kitchen Utensils","Basket","Dustbin - Dustbin",0,
"cat_k_basket_4","Kitchen Utensils","Basket","Food - Food",0,
"cat_k_basket_5","Kitchen Utensils","Basket","Food Basket - OK Product",0,
"cat_k_basket_6","Kitchen Utensils","Basket","Laundry - Round Big",0,
"cat_k_basket_7","Kitchen Utensils","Basket","Laundry - Round Small",0,
"cat_k_basket_8","Kitchen Utensils","Basket","Laundry - Square",0,
"cat_k_basket_9","Kitchen Utensils","Basket","Plate",0,
"cat_k_basket_10","Kitchen Utensils","Basket","School",0,
"cat_k_basket_11","Kitchen Utensils","Basket","School with Cover",0,
"cat_e_battery_1","Electrical Materials and Fittings","Battery","Duracell",0,
"cat_e_battery_2","Electrical Materials and Fittings","Battery","Rechargeable - Blue",0,
"cat_e_battery_3","Electrical Materials and Fittings","Battery","Rechargeable - DP-Li01",0,
"cat_e_battery_4","Electrical Materials and Fittings","Battery","Tiger - Big",0,
"cat_e_battery_5","Electrical Materials and Fittings","Battery","Tiger and Tudor",0,
"cat_e_battery_6","Electrical Materials and Fittings","Battery","Tiger Head Akaline",0,
"cat_e_battery_7","Electrical Materials and Fittings","Battery","Tudor - Big",0,
"cat_e_battery_8","Electrical Materials and Fittings","Battery","Tudor - Small",0,
"cat_k_bbq_1","Kitchen Utensils","BBQ","Charcoal",0,
"cat_k_bbq_2","Kitchen Utensils","BBQ","Electrical",0,
"cat_k_blender_1","Kitchen Utensils","Blender","Master Chef - B115 - 3 in 1 Breakable",0,
"cat_k_blender_2","Kitchen Utensils","Blender","Master Chef - B136 - 2 in 1",0,
"cat_k_blender_3","Kitchen Utensils","Blender","Master Chef - B142 - 3 in 1",0,
"cat_k_blender_4","Kitchen Utensils","Blender","Master Chef - B146 - 3 in 1 Stainless",0,
"cat_k_blender_5","Kitchen Utensils","Blender","Master Chef - B157 - 2 in 1",0,
"cat_k_blender_6","Kitchen Utensils","Blender","Master Chef - B159 - 3 in 1 Breakable",0,
"cat_k_blender_7","Kitchen Utensils","Blender","Master Chef - B181 - 4 in 1 Stainless",0,
"cat_k_blender_8","Kitchen Utensils","Blender","Master Chef - B651 - 2 in 1 Stainless",0,
"cat_k_blender_9","Kitchen Utensils","Blender","Master Chef - BL3302 - 2 in 1",0,
"cat_k_blender_10","Kitchen Utensils","Blender","Rico - 1803 - 3 in 1 - Lock",0,
"cat_k_blender_11","Kitchen Utensils","Blender","Rico - 1907 - 3 in 1 - Unlock",0,
"cat_k_blender_12","Kitchen Utensils","Blender","SMP BL-02 - 2in 1",0,
"cat_k_blender_13","Kitchen Utensils","Blender","VTCL - Excella",0,
"cat_k_blender_14","Kitchen Utensils","Blender","VTCL - 2008 - 4 in 1 - Smart Leaf",0,
"cat_k_boiling-ring_1","Kitchen Utensils","Boiling Ring","Standard",0,
"cat_k_bottle_1","Kitchen Utensils","Bottle","Nice",0,
"cat_k_bowl_1","Kitchen Utensils","Bowl","Hana - 4 in 1",0,
"cat_k_bowl_2","Kitchen Utensils","Bowl","Hana - 5 in 1",0,
"cat_k_bowl_3","Kitchen Utensils","Bowl","SMP - Fashion Bowl",0,
"cat_k_bowl_4","Kitchen Utensils","Bowl","SMP with Cover",0,
"cat_k_bowl_5","Kitchen Utensils","Bowl","Washing Hand Bolw",0,
"cat_k_breakable-plate_1","Kitchen Utensils","Breakable Plate","Awo",0,
"cat_k_breakable-plate_2","Kitchen Utensils","Breakable Plate","Awo - Pieces",0,
"cat_k_broom_1","Kitchen Utensils","Broom","Spinash",0,
"cat_k_brush_1","Kitchen Utensils","Brush","Big - Toilet",0,
"cat_k_brush_2","Kitchen Utensils","Brush","Feeder Brush",0,
"cat_k_brush_3","Kitchen Utensils","Brush","Scrubbing Brush",0,
"cat_k_brush_4","Kitchen Utensils","Brush","Small - Toilet",0,
"cat_k_brush_5","Kitchen Utensils","Brush","Sweeping Brush",0,
"cat_k_brush_6","Kitchen Utensils","Brush","Toilet - Silicon",0,
"cat_k_bucket_1","Kitchen Utensils","Bucket","Standard",0,
"cat_e_bulb_1","Electrical Materials and Fittings","Bulb","Indicator",0,
"cat_e_bulb-energy-saver_1","Electrical Materials and Fittings","Bulb - Energy Saver","AKT - 10 W",0,
"cat_e_bulb-energy-saver_2","Electrical Materials and Fittings","Bulb - Energy Saver","AVC - 5 W",0,
"cat_e_bulb-energy-saver_3","Electrical Materials and Fittings","Bulb - Energy Saver","Britania - Old Bulb - 100 W",0,
"cat_e_bulb-energy-saver_4","Electrical Materials and Fittings","Bulb - Energy Saver","CY - 10 W",0,
"cat_e_bulb-energy-saver_5","Electrical Materials and Fittings","Bulb - Energy Saver","Ecomin - 15 W",0,
"cat_e_bulb-energy-saver_6","Electrical Materials and Fittings","Bulb - Energy Saver","Ecomin - 5 W",0,
"cat_e_bulb-energy-saver_7","Electrical Materials and Fittings","Bulb - Energy Saver","Ecomin - Pin and Screw - 10 W",0,
"cat_e_bulb-energy-saver_8","Electrical Materials and Fittings","Bulb - Energy Saver","Itel - 10 W",0,
"cat_e_bulb-recheargeable_1","Electrical Materials and Fittings","Bulb - Recheargeable","AKT - 18 W",0,
"cat_e_cello-tape_1","Electrical Materials and Fittings","Cello Tape","Black",0,
"cat_e_cello-tape_2","Electrical Materials and Fittings","Cello Tape","Paper",0,
"cat_e_cello-tape_3","Electrical Materials and Fittings","Cello Tape","Transparent - Big Roll",0,
"cat_e_cello-tape_4","Electrical Materials and Fittings","Cello Tape","Transparent - Small Roll",0,
"cat_e_charger_1","Electrical Materials and Fittings","Charger","Phone - SHPLUS",0,
"cat_e_charger_2","Electrical Materials and Fittings","Charger","Phone - Tecnno",0,
"cat_e_charger_3","Electrical Materials and Fittings","Charger","Phone - Desktop - Seven Colour",0,
"cat_e_charger_4","Electrical Materials and Fittings","Charger","Phone - Itel - 10 W",0,
"cat_e_charger_5","Electrical Materials and Fittings","Charger","Phone - Small White",0,
"cat_k_chopper_1","Kitchen Utensils","Chopper","Eurosonic ES-1862 - Glass",0,
"cat_k_cling-film_1","Kitchen Utensils","Cling Film","Standard",0,
"cat_e_clip_1","Electrical Materials and Fittings","Clip","Iron Clip",0,
"cat_e_clip_2","Electrical Materials and Fittings","Clip","Rubber - White - 1.5 mm",0,
"cat_e_cliper_1","Electrical Materials and Fittings","Cliper","Rechargeable - WK-9400",0,
"cat_k_clipper_1","Kitchen Utensils","Clipper","Nova - Mini",0,
"cat_k_comb_1","Kitchen Utensils","Comb","HotComb",0,
"cat_k_container_1","Kitchen Utensils","Container","Salvin - Cereal - 3 in 1",0,
"cat_k_container_2","Kitchen Utensils","Container","Salvin - Fridge - 3 in 1",0,
"cat_k_container_3","Kitchen Utensils","Container","Salvin - Fridge - 5 in 1",0,
"cat_k_container_4","Kitchen Utensils","Container","Salvin - Fridge - Snap and Go - 5 in 1",0,
"cat_k_container_5","Kitchen Utensils","Container","Set - 10 Pcs",0,
"cat_k_cooler_1","Kitchen Utensils","Cooler","Salvin - Party Cooler - 4 in 1 - Round",0,
"cat_k_cooler_2","Kitchen Utensils","Cooler","Salvin - Party Cooler - 4 in 1 - Square",0,
"cat_k_cooler_3","Kitchen Utensils","Cooler","Salvin - Red",0,
"cat_e_cord_1","Electrical Materials and Fittings","Cord","Oraimo Black",0,
"cat_e_cord_2","Electrical Materials and Fittings","Cord","USB - SHPLUS White",0,
"cat_k_cover_1","Kitchen Utensils","Cover","Nylon",0,
"cat_k_cover_2","Kitchen Utensils","Cover","Silicon",0,
"cat_b_cup_1","Babies Wears","Cup","Baby Cup with Spoon",0,
"cat_k_cup_2","Kitchen Utensils","Cup","GBO Products - Golden",0,
"cat_k_cup_3","Kitchen Utensils","Cup","Glass Ware - Glass Cup by 6 - Small",0,
"cat_k_cup_4","Kitchen Utensils","Cup","Glass with Cover - Golden",0,
"cat_k_cup_5","Kitchen Utensils","Cup","Glass with Cover - White",0,
"cat_k_cup_6","Kitchen Utensils","Cup","Humble Bird - Glass Cup by 6",0,
"cat_k_cup_7","Kitchen Utensils","Cup","Kenedim",0,
"cat_k_cup_8","Kitchen Utensils","Cup","Plastic with Cover",0,
"cat_k_cup_9","Kitchen Utensils","Cup","SMP - Wine Cup - 2 Pcs",0,
"cat_k_cup_10","Kitchen Utensils","Cup","SMP - Wine Cup - 3 in 1 Short",0,
"cat_k_cup_11","Kitchen Utensils","Cup","SMP - Wine Cup - 3 Pcs",0,
"cat_k_cup_12","Kitchen Utensils","Cup","SMP - Glass - Water Cup - 3 in 1",0,
"cat_k_cup_13","Kitchen Utensils","Cup","Stainless with Cover - Big",0,
"cat_k_cup_14","Kitchen Utensils","Cup","Stainless with Cover - Small",0,
"cat_k_cup_15","Kitchen Utensils","Cup","Takeaway - 5 Packs",0,
"cat_k_cup_16","Kitchen Utensils","Cup","Unbreakable - Cup with Cover",0,
"cat_k_cup_17","Kitchen Utensils","Cup","Wine Cup - Long - Single",0,
"cat_k_cup_18","Kitchen Utensils","Cup","Wine Cup - Short - Single",0,
"cat_k_cutlery-set_1","Kitchen Utensils","Cutlery Set","Various - 24 Pcs - Nil",0,
"cat_k_cutter_1","Kitchen Utensils","Cutter","Pie",0,
"cat_k_cutter_2","Kitchen Utensils","Cutter","Vegetable",0,
"cat_k_dispenser_1","Kitchen Utensils","Dispenser","Tooth Paste",0,
"cat_k_dispenser_2","Kitchen Utensils","Dispenser","Water - Table Top",0,
"cat_k_egg-boiler_1","Kitchen Utensils","Egg Boiler","YD501 - Plastic",0,
"cat_e_extention-wire_1","Electrical Materials and Fittings","Extention Wire","Itel - ISU-2321U",0,
"cat_e_extention-wire_2","Electrical Materials and Fittings","Extention Wire","JKJRoyal - Big",0,
"cat_e_extention-wire_3","Electrical Materials and Fittings","Extention Wire","JKJRoyal - Small",0,
"cat_e_extention-wire_4","Electrical Materials and Fittings","Extention Wire","Kincastra",0,
"cat_e_extention-wire_5","Electrical Materials and Fittings","Extention Wire","KingAstra",0,
"cat_e_extention-wire_6","Electrical Materials and Fittings","Extention Wire","Power Socket",0,
"cat_e_extention-wire_7","Electrical Materials and Fittings","Extention Wire","Round - 002USB",0,
"cat_e_extention-wire_8","Electrical Materials and Fittings","Extention Wire","Standard",0,
"cat_e_extention-wire_9","Electrical Materials and Fittings","Extention Wire","USB Socket - JK204",0,
"cat_e_extention-wire_10","Electrical Materials and Fittings","Extention Wire","VBT - HY-2332U",0,
"cat_k_fan_1","Kitchen Utensils","Fan","DB - Standing",0,
"cat_e_fan_1","Electrical Materials and Fittings","Fan","Foldable Small - DP-7608",0,
"cat_e_fan_2","Electrical Materials and Fittings","Fan","JH-2028",0,
"cat_e_fan-desktop_1","Electrical Materials and Fittings","Fan - Desktop","DP-7605",0,
"cat_e_fan-desktop_2","Electrical Materials and Fittings","Fan - Desktop","Standard",0,
"cat_e_fan-foldable_1","Electrical Materials and Fittings","Fan - Foldable","Standard",0,
"cat_e_fan-hand-fan_1","Electrical Materials and Fittings","Fan - Hand Fan","Diandi",0,
"cat_e_fan-hand-fan_2","Electrical Materials and Fittings","Fan - Hand Fan","DP-7635",0,
"cat_e_fan-hand-fan_3","Electrical Materials and Fittings","Fan - Hand Fan","Fan",0,
"cat_e_fan-table-fan_1","Electrical Materials and Fittings","Fan - Table Fan","Double Head - NO.666",0,
"cat_e_fan-table-fan_2","Electrical Materials and Fittings","Fan - Table Fan","IW8038-A",0,
"cat_e_fan-table-fan_3","Electrical Materials and Fittings","Fan - Table Fan","Mini - CTL-MF026-6",0,
"cat_k_feeder_1","Kitchen Utensils","Feeder","Standard",0,
"cat_k_foil-paper_1","Kitchen Utensils","Foil Paper","Standard",0,
"cat_b_food-flask_1","Babies Wears","Food Flask","China - Children Bowl",0,
"cat_k_food-flask_2","Kitchen Utensils","Food Flask","Eurosonic ES - 698 - 600ML",0,
"cat_k_food-flask_3","Kitchen Utensils","Food Flask","Gift Master - 800ML",0,
"cat_k_food-flask_4","Kitchen Utensils","Food Flask","Haers - 600ML",0,
"cat_k_food-flask_5","Kitchen Utensils","Food Flask","Insulated Pot - 1.8L",0,
"cat_k_food-flask_6","Kitchen Utensils","Food Flask","Master Chef - 1L",0,
"cat_k_food-flask_7","Kitchen Utensils","Food Flask","Master Chef - F880 - 800ML",0,
"cat_k_food-flask_8","Kitchen Utensils","Food Flask","Master Chef - FF07 - 1.3L",0,
"cat_k_food-flask_9","Kitchen Utensils","Food Flask","Masterchef - F1700 - 1.7L",0,
"cat_k_food-flask_10","Kitchen Utensils","Food Flask","Masterchef - FF2413 - 1 in 1",0,
"cat_k_food-flask_11","Kitchen Utensils","Food Flask","Masterchef - FF3001 - 10 pcs",0,
"cat_k_food-flask_12","Kitchen Utensils","Food Flask","MTM - 500ML",0,
"cat_k_food-flask_13","Kitchen Utensils","Food Flask","Salvin - For my Family",0,
"cat_k_food-flask_14","Kitchen Utensils","Food Flask","Smart Cup",0,
"cat_k_food-flask_15","Kitchen Utensils","Food Flask","Spiderman - 650ML",0,
"cat_k_food-flask_16","Kitchen Utensils","Food Flask","XY - Food Shelt",0,
"cat_k_food-warmer_1","Kitchen Utensils","Food Warmer","2 in 1",0,
"cat_k_food-warmer_2","Kitchen Utensils","Food Warmer","Master Chef (3.7L) - Multipurpose",0,
"cat_k_food-warmer_3","Kitchen Utensils","Food Warmer","Master Chef - FF9092 - 3 in 1",0,
"cat_k_food-warmer_4","Kitchen Utensils","Food Warmer","Rishabh - 3 in 1",0,
"cat_k_food-warmer_5","Kitchen Utensils","Food Warmer","VTCL - Rose Gold - 3 in 1",0,
"cat_k_food-warmer_6","Kitchen Utensils","Food Warmer","VTCL - Sassy Classic - 3 in 1",0,
"cat_k_food-warmer_7","Kitchen Utensils","Food Warmer","VTCL Satin - 3 in 1",0,
"cat_k_fry-pan_1","Kitchen Utensils","Fry Pan","Air Fry Pan - Steel (Non-Stick)",0,
"cat_k_fry-pan_2","Kitchen Utensils","Fry Pan","Manna - Stainless",0,
"cat_k_fry-pan_3","Kitchen Utensils","Fry Pan","Picasso - Aluminium - With Cover",0,
"cat_k_fry-pan_4","Kitchen Utensils","Fry Pan","Picasso - Aluminium - Without Cover - Big",0,
"cat_k_fry-pan_5","Kitchen Utensils","Fry Pan","Picasso - Aluminium - Without Cover - Small",0,
"cat_k_fry-pan_6","Kitchen Utensils","Fry Pan","Picasso - Non Stick - With Cover",0,
"cat_k_gas-cylinder_1","Kitchen Utensils","Gas Cylinder","3 KG",0,
"cat_k_gas-lighter_1","Kitchen Utensils","Gas Lighter","Standard",0,
"cat_k_gas-stove_1","Kitchen Utensils","Gas Stove","Glass",0,
"cat_k_gas-stove_2","Kitchen Utensils","Gas Stove","Single",0,
"cat_k_gas-stove_3","Kitchen Utensils","Gas Stove","Stainless",0,
"cat_k_ghana-must-go_1","Kitchen Utensils","Ghana Must Go","Big",0,
"cat_k_ghana-must-go_2","Kitchen Utensils","Ghana Must Go","Liverpool",0,
"cat_k_glue_1","Kitchen Utensils","Glue","Super Glue - Big",0,
"cat_k_glue_2","Kitchen Utensils","Glue","Super Glue - Small",0,
"cat_k_griller_1","Kitchen Utensils","Griller","Master Chef - HP408",0,
"cat_e_gum_1","Electrical Materials and Fittings","Gum","4 Minutes - Steel - 2 in 1",0,
"cat_k_hair-dryer_1","Kitchen Utensils","Hair Dryer","Professional - Nil",0,
"cat_k_hand-grater_1","Kitchen Utensils","Hand Grater","4 Shaped",0,
"cat_k_hand-grater_2","Kitchen Utensils","Hand Grater","Beans - Manual",0,
"cat_k_hand-grater_3","Kitchen Utensils","Hand Grater","Brava Spring Slicer",0,
"cat_k_hand-grater_4","Kitchen Utensils","Hand Grater","Chilling and Nuts - Stainless - Manual",0,
"cat_k_hand-grater_5","Kitchen Utensils","Hand Grater","Chopper - Manual",0,
"cat_k_hand-grater_6","Kitchen Utensils","Hand Grater","Flat - Big",0,
"cat_k_hand-grater_7","Kitchen Utensils","Hand Grater","Flat Round",0,
"cat_k_hand-grater_8","Kitchen Utensils","Hand Grater","Genius Nicer Dicer",0,
"cat_k_hand-grater_9","Kitchen Utensils","Hand Grater","Hexa - Manual",0,
"cat_k_hand-grater_10","Kitchen Utensils","Hand Grater","Manna Chilli - Manual",0,
"cat_k_hand-grater_11","Kitchen Utensils","Hand Grater","Manna Wooden - Manual",0,
"cat_k_hand-grater_12","Kitchen Utensils","Hand Grater","Manual",0,
"cat_k_hand-grater_13","Kitchen Utensils","Hand Grater","Okro - 6 Faces",0,
"cat_k_hand-grater_14","Kitchen Utensils","Hand Grater","Rashnik Chilli Cutter - Round - Manual",0,
"cat_k_hand-grater_15","Kitchen Utensils","Hand Grater","Rashnik Deluxe - Manual",0,
"cat_k_hand-grater_16","Kitchen Utensils","Hand Grater","Rashnik Over Cutter - Manual",0,
"cat_k_hand-grater_17","Kitchen Utensils","Hand Grater","Round Shape",0,
"cat_k_hand-grater_18","Kitchen Utensils","Hand Grater","Small",0,
"cat_k_hand-grater_19","Kitchen Utensils","Hand Grater","Supreme Vegetable - Manual",0,
"cat_k_hand-mixer_1","Kitchen Utensils","Hand Mixer","Scarlett",0,
"cat_k_hanger_1","Kitchen Utensils","Hanger","for Bag",0,
"cat_k_hanger_2","Kitchen Utensils","Hanger","For Clothe - Iron",0,
"cat_k_hanger_3","Kitchen Utensils","Hanger","For Clothe - Plastic",0,
"cat_k_hanger_4","Kitchen Utensils","Hanger","Iron - Spoon",0,
"cat_k_hanger_5","Kitchen Utensils","Hanger","Kitchen",0,
"cat_k_hanger_6","Kitchen Utensils","Hanger","Pant",0,
"cat_k_hanger_7","Kitchen Utensils","Hanger","Small for Fridge",0,
"cat_k_hanger_8","Kitchen Utensils","Hanger","SS - Bathroom - Iron/Plastic",0,
"cat_k_hanger_9","Kitchen Utensils","Hanger","Wuve - Bathroom - Plastic",0,
"cat_k_holder_1","Kitchen Utensils","Holder","Brush and Tooth Paste",0,
"cat_k_hot-plate_1","Kitchen Utensils","Hot Plate","Glass - Single",0,
"cat_k_hot-plate_2","Kitchen Utensils","Hot Plate","National HP - 100A - Single - 1,500 W",0,
"cat_k_hot-plate_3","Kitchen Utensils","Hot Plate","Rashnik - Double - Flat",0,
"cat_k_hot-plate_4","Kitchen Utensils","Hot Plate","Rashnik - Double - Ring",0,
"cat_k_hot-plate_5","Kitchen Utensils","Hot Plate","Rashnik - RN - 4076B - Single - 1000W",0,
"cat_k_ice-bucket_1","Kitchen Utensils","Ice Bucket","Standard",0,
"cat_k_iron_1","Kitchen Utensils","Iron","JD SMP - DI01",0,
"cat_k_iron_2","Kitchen Utensils","Iron","JD SMP - DI03",0,
"cat_k_iron_3","Kitchen Utensils","Iron","Rashnik",0,
"cat_e_iron-electric_1","Electrical Materials and Fittings","Iron - Electric","Emouliness",0,
"cat_e_iron-electric_2","Electrical Materials and Fittings","Iron - Electric","Qasa - QDL-300",0,
"cat_e_iron-electric_3","Electrical Materials and Fittings","Iron - Electric","Rashnik - RN-702",0,
"cat_e_iron-electric_4","Electrical Materials and Fittings","Iron - Electric","SMP - DI01",0,
"cat_e_iron-electric_5","Electrical Materials and Fittings","Iron - Electric","SMP - S105",0,
"cat_k_jug_1","Kitchen Utensils","Jug","Flower with Cups",0,
"cat_k_jug_2","Kitchen Utensils","Jug","Hana - Glass - Big",0,
"cat_k_jug_3","Kitchen Utensils","Jug","Hana - Glass - Small 3 Pcs",0,
"cat_k_jug_4","Kitchen Utensils","Jug","Hana - Jug and Cup - 7 Pcs",0,
"cat_k_jug_5","Kitchen Utensils","Jug","Huiluong - 4 in 1",0,
"cat_k_jug_6","Kitchen Utensils","Jug","JDSMP - 2.4L",0,
"cat_k_jug_7","Kitchen Utensils","Jug","Lemon with Cups",0,
"cat_k_jug_8","Kitchen Utensils","Jug","Salvin",0,
"cat_k_jug_9","Kitchen Utensils","Jug","Salvin - Plastic with Cups",0,
"cat_k_jug_10","Kitchen Utensils","Jug","SMP - Unbreakable with Cups",0,
"cat_k_jug_11","Kitchen Utensils","Jug","SMP - Unbreakable with Cups/Handle",0,
"cat_k_jug_12","Kitchen Utensils","Jug","Stainless",0,
"cat_k_jug_13","Kitchen Utensils","Jug","Yeecome",0,
"cat_k_juicer_1","Kitchen Utensils","Juicer","Manual",0,
"cat_k_juicer_2","Kitchen Utensils","Juicer","Rechargeable",0,
"cat_k_kettle_1","Kitchen Utensils","Kettle","Crown Star - 5L - Electric",0,
"cat_k_kettle_2","Kitchen Utensils","Kettle","Manna - ZBH03 - 3L - Whistling Kettle",0,
"cat_k_kettle_3","Kitchen Utensils","Kettle","SMP - SK03 - 4L - Whistling Kettle",0,
"cat_k_kettle_4","Kitchen Utensils","Kettle","Tower - Alluminium - 3L",0,
"cat_k_kettle_5","Kitchen Utensils","Kettle","Tower - Stainless - 3L",0,
"cat_k_kitchen-spoon_1","Kitchen Utensils","Kitchen Spoon","Kiko - 6 Pcs",0,
"cat_k_kitchen-spoon_2","Kitchen Utensils","Kitchen Spoon","Kitchenware - 4 Pcs",0,
"cat_k_kitchen-spoon_3","Kitchen Utensils","Kitchen Spoon","Original - 2 in 1",0,
"cat_k_kitchen-spoon_4","Kitchen Utensils","Kitchen Spoon","Original - Single",0,
"cat_k_kitchen-spoon_5","Kitchen Utensils","Kitchen Spoon","Paradiso - 32 Pcs",0,
"cat_k_kitchen-spoon_6","Kitchen Utensils","Kitchen Spoon","Paradiso - 7 Pcs",0,
"cat_k_kitchen-spoon_7","Kitchen Utensils","Kitchen Spoon","Rubber - 6 in 1",0,
"cat_k_kitchen-spoon_8","Kitchen Utensils","Kitchen Spoon","Tianmu Boutique - Kitchen Suit - 5 in 1",0,
"cat_k_kitchen-spoon_9","Kitchen Utensils","Kitchen Spoon","Various",0,
"cat_k_kitchen-spoon_10","Kitchen Utensils","Kitchen Spoon","Yi Guan - 12 Pcs",0,
"cat_k_knife_1","Kitchen Utensils","Knife","Butcher Knife - 2011",0,
"cat_k_knife_2","Kitchen Utensils","Knife","Butcher Knife - JP125# / 6 inch",0,
"cat_k_knife_3","Kitchen Utensils","Knife","China - Fruit Knife Set",0,
"cat_k_knife_4","Kitchen Utensils","Knife","Forging Family - 6 Pcs - Nil",0,
"cat_k_knife_5","Kitchen Utensils","Knife","Kitchen Knife - 7 inch",0,
"cat_k_knife_6","Kitchen Utensils","Knife","Rashnik - Single",0,
"cat_e_knife-switch_1","Electrical Materials and Fittings","Knife Switch","Change Over - 100 Amps",0,
"cat_e_knife-switch_2","Electrical Materials and Fittings","Knife Switch","Change Over - 32 Amps",0,
"cat_e_lamp-led-bulb_1","Electrical Materials and Fittings","Lamp - LED Bulb","DP - DP-7812C",0,
"cat_e_lamp-led-bulb_2","Electrical Materials and Fittings","Lamp - LED Bulb","Kemsafe - KM-7781",0,
"cat_e_lamp-led-bulb_3","Electrical Materials and Fittings","Lamp - LED Bulb","Kemsafe - KM-AE05",0,
"cat_e_lamp-rechargeable_1","Electrical Materials and Fittings","Lamp - Rechargeable","CTL-EL 119U",0,
"cat_e_lamp-rechargeable_2","Electrical Materials and Fittings","Lamp - Rechargeable","CTL-EL 189",0,
"cat_e_lamp-rechargeable_3","Electrical Materials and Fittings","Lamp - Rechargeable","DP-7129B",0,
"cat_e_lamp-rechargeable_4","Electrical Materials and Fittings","Lamp - Rechargeable","DP-7161B",0,
"cat_e_lamp-rechargeable_5","Electrical Materials and Fittings","Lamp - Rechargeable","Lantern - DP-7164",0,
"cat_e_lamp-solar_1","Electrical Materials and Fittings","Lamp - Solar","Cob Work Lamp - SA-819A",0,
"cat_e_lamp-solar_2","Electrical Materials and Fittings","Lamp - Solar","EP-7816",0,
"cat_e_lamp-solar_3","Electrical Materials and Fittings","Lamp - Solar","GD-5808",0,
"cat_e_lamp-solar_4","Electrical Materials and Fittings","Lamp - Solar","JA-399 / 2004",0,
"cat_e_lampholder_1","Electrical Materials and Fittings","Lampholder","Vin Well - 2 in 1",0,
"cat_e_lighter_1","Electrical Materials and Fittings","Lighter","Standard",0,
"cat_k_lunch-box_1","Kitchen Utensils","Lunch Box","Canada",0,
"cat_k_lunch-box_2","Kitchen Utensils","Lunch Box","China - 1L",0,
"cat_k_lunch-box_3","Kitchen Utensils","Lunch Box","China - 2L",0,
"cat_k_lunch-box_4","Kitchen Utensils","Lunch Box","IQIX",0,
"cat_k_lunch-box_5","Kitchen Utensils","Lunch Box","Multifuntional - Electric - 2L",0,
"cat_k_lunch-box_6","Kitchen Utensils","Lunch Box","Single",0,
"cat_k_lunch-box_7","Kitchen Utensils","Lunch Box","With Divider",0,
"cat_k_massager_1","Kitchen Utensils","Massager","Face",0,
"cat_k_microwave_1","Kitchen Utensils","Microwave","Hisence - H20MOBS11",0,
"cat_k_mopping-stick_1","Kitchen Utensils","Mopping Stick","Big",0,
"cat_k_mopping-stick_2","Kitchen Utensils","Mopping Stick","Medium",0,
"cat_k_mopping-stick_3","Kitchen Utensils","Mopping Stick","Small",0,
"cat_k_mug_1","Kitchen Utensils","Mug","Coffee Break - With Spoon",0,
"cat_k_mug_2","Kitchen Utensils","Mug","Emel with Spoons",0,
"cat_k_mug_3","Kitchen Utensils","Mug","Hana - Single",0,
"cat_k_mug_4","Kitchen Utensils","Mug","SMP - Single",0,
"cat_e_nail_1","Electrical Materials and Fittings","Nail","For Iron Clip",0,
"cat_e_nail-cutter_1","Electrical Materials and Fittings","Nail Cutter","Standard",0,
"cat_k_napkin_1","Kitchen Utensils","Napkin","Kitchen - 3 in 1",0,
"cat_k_nylon_1","Kitchen Utensils","Nylon","Takeaway",0,
"cat_k_parker_1","Kitchen Utensils","Parker","Standard",0,
"cat_e_pattress-box_1","Electrical Materials and Fittings","Pattress Box","Standard",0,
"cat_k_peg_1","Kitchen Utensils","Peg","Sunbelt for Clothe",0,
"cat_k_peg_2","Kitchen Utensils","Peg","XRZ - Big",0,
"cat_k_peg_3","Kitchen Utensils","Peg","XRZ - Small",0,
"cat_e_phone-stand_1","Electrical Materials and Fittings","Phone Stand","Standard",0,
"cat_k_plate_1","Kitchen Utensils","Plate","Ceramic Plate with Spoon",0,
"cat_k_plate_2","Kitchen Utensils","Plate","China - 5 Pcs",0,
"cat_k_plate_3","Kitchen Utensils","Plate","China - Deqin - 4 Pcs",0,
"cat_k_plate_4","Kitchen Utensils","Plate","Cran Berry - Dinner Set - 10 Pcs White",0,
"cat_k_plate_5","Kitchen Utensils","Plate","Happy Family - Dinner Set - 4 Pcs",0,
"cat_k_plate_6","Kitchen Utensils","Plate","SMP - Dinner Set - 3 Pcs",0,
"cat_k_plate_7","Kitchen Utensils","Plate","SMP - Dinner Set - 6 Pcs",0,
"cat_k_plate_8","Kitchen Utensils","Plate","Square - Dinner Set - 6 Pcs",0,
"cat_k_plate-rack_1","Kitchen Utensils","Plate Rack","Concept Fashion - Multipurpose",0,
"cat_k_plate-rack_2","Kitchen Utensils","Plate Rack","Maximus",0,
"cat_k_plate-rack_3","Kitchen Utensils","Plate Rack","Multifunctional",0,
"cat_k_plate-rack_4","Kitchen Utensils","Plate Rack","Multifunctional - Table",0,
"cat_k_plate-rack_5","Kitchen Utensils","Plate Rack","Pentagon",0,
"cat_k_plate-rack_6","Kitchen Utensils","Plate Rack","Plate - 2 Steps",0,
"cat_k_plate-rack_7","Kitchen Utensils","Plate Rack","QDR-247",0,
"cat_k_plate-rack_8","Kitchen Utensils","Plate Rack","QDR-252+",0,
"cat_k_plate-rack_9","Kitchen Utensils","Plate Rack","Rashnik - RN-1602",0,
"cat_k_plate-rack_10","Kitchen Utensils","Plate Rack","Rashnik - RN-1603",0,
"cat_k_plate-rack_11","Kitchen Utensils","Plate Rack","Rashnik - RN-1606",0,
"cat_k_plate-rack_12","Kitchen Utensils","Plate Rack","Rashnik - RN-1607",0,
"cat_k_plate-rack_13","Kitchen Utensils","Plate Rack","Rashnik - RN-1636",0,
"cat_k_plate-rack_14","Kitchen Utensils","Plate Rack","Salvin - Big",0,
"cat_k_plate-rack_15","Kitchen Utensils","Plate Rack","Salvin - Small",0,
"cat_k_plate-rack_16","Kitchen Utensils","Plate Rack","Salvin with Cover",0,
"cat_e_plug_1","Electrical Materials and Fittings","Plug","13 A",0,
"cat_k_plunger_1","Kitchen Utensils","Plunger","Standard",0,
"cat_k_pot_1","Kitchen Utensils","Pot","Casserole S-6022 - 7 in 1",0,
"cat_k_pot_2","Kitchen Utensils","Pot","Casserole S-6024 - 3 in 1",0,
"cat_k_pot_3","Kitchen Utensils","Pot","Dzire - DZ-5127 - 6 pcs",0,
"cat_k_pot_4","Kitchen Utensils","Pot","Hoffner - 3 in 1",0,
"cat_k_pot_5","Kitchen Utensils","Pot","Hoffner - 801 (Non-Stick) - 3 in 1 with Fry Pan",0,
"cat_k_pot_6","Kitchen Utensils","Pot","Hoffner - Heavy Pot - 4 in 1",0,
"cat_k_pot_7","Kitchen Utensils","Pot","Hoffner - Non Stick - 3 in 1",0,
"cat_k_pot_8","Kitchen Utensils","Pot","Hoffner's - 3401 - 3 in 1",0,
"cat_k_pot_9","Kitchen Utensils","Pot","Kinelco - KN-5SP2 - Belli - 5 in 1",0,
"cat_k_pot_10","Kitchen Utensils","Pot","Kinelco - KN-6016 - 4 in 1",0,
"cat_k_pot_11","Kitchen Utensils","Pot","Kitchenmate - 4 Pcs - 4A",0,
"cat_k_pot_12","Kitchen Utensils","Pot","Kitchenmate - 4 Pcs - 4B",0,
"cat_k_pot_13","Kitchen Utensils","Pot","Picasso - 3C",0,
"cat_k_pot_14","Kitchen Utensils","Pot","Picasso - 4 Pcs - 4A",0,
"cat_k_pot_15","Kitchen Utensils","Pot","Rashnik - RN-4852 - 5 in 1",0,
"cat_k_pot_16","Kitchen Utensils","Pot","Soupy Pan - 1 in 1",0,
"cat_k_pot_17","Kitchen Utensils","Pot","Tornado - 7 in 1",0,
"cat_k_pot_18","Kitchen Utensils","Pot","Tower Classic - 5 in 1",0,
"cat_k_pot_19","Kitchen Utensils","Pot","Tower Gold - 5 in 1",0,
"cat_k_pot_20","Kitchen Utensils","Pot","Tower Trim - Bigi",0,
"cat_k_pressure-pot_1","Kitchen Utensils","Pressure Pot","Kinelco - KN-9295 - 9.5L",0,
"cat_k_rack_1","Kitchen Utensils","Rack","Egg",0,
"cat_k_rack_2","Kitchen Utensils","Rack","Spice - 6 Pcs",0,
"cat_e_radio_1","Electrical Materials and Fittings","Radio","MP3 - E30",0,
"cat_e_radio_2","Electrical Materials and Fittings","Radio","MP3 - TG-184",0,
"cat_k_rice-cooker_1","Kitchen Utensils","Rice Cooker","Binatone - 1.8L",0,
"cat_k_rice-cooker_2","Kitchen Utensils","Rice Cooker","Master Chef - 1.8L",0,
"cat_k_rice-cooker_3","Kitchen Utensils","Rice Cooker","Master Chef - 3L",0,
"cat_k_sandwich-maker_1","Kitchen Utensils","Sandwich Maker","Maximus - 2 Face",0,
"cat_k_scissors_1","Kitchen Utensils","Scissors","Multiprupose Kitchen Suit",0,
"cat_k_scissors_2","Kitchen Utensils","Scissors","Standard",0,
"cat_e_screw-driver_1","Electrical Materials and Fittings","Screw Driver","Flat and Star",0,
"cat_e_screw-driver_2","Electrical Materials and Fittings","Screw Driver","Tester",0,
"cat_k_shapner_1","Kitchen Utensils","Shapner","Knife",0,
"cat_k_shaving-stick_1","Kitchen Utensils","Shaving Stick","Single",0,
"cat_k_shoe-rack_1","Kitchen Utensils","Shoe Rack","2 Layers",0,
"cat_k_shoe-rack_2","Kitchen Utensils","Shoe Rack","3 Layers",0,
"cat_k_shoe-rack_3","Kitchen Utensils","Shoe Rack","Plastic - 5 Layers",0,
"cat_k_sieve_1","Kitchen Utensils","Sieve","2 in 1 - Rice Sieve",0,
"cat_k_sieve_2","Kitchen Utensils","Sieve","Elubo",0,
"cat_k_sieve_3","Kitchen Utensils","Sieve","Salvin - Rice",0,
"cat_k_sieve_4","Kitchen Utensils","Sieve","Standard",0,
"cat_k_sieve_5","Kitchen Utensils","Sieve","Sunrise - 6 in 1",0,
"cat_k_soap-case_1","Kitchen Utensils","Soap Case","Bath Collection - 2 in 1",0,
"cat_k_soap-case_2","Kitchen Utensils","Soap Case","Bath Collection - Single",0,
"cat_k_soap-case_3","Kitchen Utensils","Soap Case","Meisier",0,
"cat_k_soap-case_4","Kitchen Utensils","Soap Case","Salvin",0,
"cat_k_soap-case_5","Kitchen Utensils","Soap Case","Sun Belt",0,
"cat_e_socket_1","Electrical Materials and Fittings","Socket","Max Power - 4000W - OPK",0,
"cat_e_socket_2","Electrical Materials and Fittings","Socket","Standard",0,
"cat_e_speaker_1","Electrical Materials and Fittings","Speaker","Bluetooth",0,
"cat_k_sponge_1","Kitchen Utensils","Sponge","Bathing",0,
"cat_k_sponge_2","Kitchen Utensils","Sponge","Clothe for Plate",0,
"cat_k_sponge_3","Kitchen Utensils","Sponge","Iron for Plate and Pot",0,
"cat_b_spoon_1","Babies Wears","Spoon","Children - 12 Pcs",0,
"cat_b_spoon_2","Babies Wears","Spoon","Children - Swuzzy",0,
"cat_k_spoon_3","Kitchen Utensils","Spoon","Gold (Spoon and Folk)",0,
"cat_k_spoon_4","Kitchen Utensils","Spoon","Heavy",0,
"cat_k_spoon_5","Kitchen Utensils","Spoon","Ordinary",0,
"cat_k_spoon_6","Kitchen Utensils","Spoon","Silver - Pieces",0,
"cat_k_spoon_7","Kitchen Utensils","Spoon","Takeaway",0,
"cat_k_spoon-holder_1","Kitchen Utensils","Spoon Holder","China",0,
"cat_k_stock-pot_1","Kitchen Utensils","Stock Pot","IPHIE - 4 in 1",0,
"cat_e_switch_1","Electrical Materials and Fittings","Switch","1 Gang",0,
"cat_e_switch_2","Electrical Materials and Fittings","Switch","2 Gang",0,
"cat_e_switch_3","Electrical Materials and Fittings","Switch","3 Gang",0,
"cat_k_takeaway-plate_1","Kitchen Utensils","Takeaway Plate","Standard",0,
"cat_k_tissue_1","Kitchen Utensils","Tissue","Standard",0,
"cat_k_tommy-trimmer_1","Kitchen Utensils","Tommy Trimmer","Standard",0,
"cat_e_torchlight_1","Electrical Materials and Fittings","Torchlight","AF-KM808S",0,
"cat_e_torchlight_2","Electrical Materials and Fittings","Torchlight","CN-L9216C",0,
"cat_e_torchlight_3","Electrical Materials and Fittings","Torchlight","CTL-CH413A",0,
"cat_e_torchlight_4","Electrical Materials and Fittings","Torchlight","DP-9005B",0,
"cat_e_torchlight_5","Electrical Materials and Fittings","Torchlight","DP-9013B",0,
"cat_e_torchlight_6","Electrical Materials and Fittings","Torchlight","DP-9110C",0,
"cat_e_torchlight_7","Electrical Materials and Fittings","Torchlight","DP-9162",0,
"cat_e_torchlight_8","Electrical Materials and Fittings","Torchlight","DP-9183",0,
"cat_e_torchlight_9","Electrical Materials and Fittings","Torchlight","DP-9184",0,
"cat_e_torchlight_10","Electrical Materials and Fittings","Torchlight","DP-9185",0,
"cat_e_torchlight_11","Electrical Materials and Fittings","Torchlight","DX-1804",0,
"cat_e_torchlight_12","Electrical Materials and Fittings","Torchlight","GR-9558A",0,
"cat_e_torchlight_13","Electrical Materials and Fittings","Torchlight","KM-7759",0,
"cat_e_torchlight_14","Electrical Materials and Fittings","Torchlight","KM-7773",0,
"cat_k_towel_1","Kitchen Utensils","Towel","3 in 1",0,
"cat_k_toy_1","Kitchen Utensils","Toy","Fruits and Vegetables",0,
"cat_k_tray_1","Kitchen Utensils","Tray","3 in 1",0,
"cat_k_tray_2","Kitchen Utensils","Tray","Formica - 2 in 1",0,
"cat_k_tray_3","Kitchen Utensils","Tray","Leave - Small and Big",0,
"cat_k_tray_4","Kitchen Utensils","Tray","Plastic",0,
"cat_k_tray_5","Kitchen Utensils","Tray","T023",0,
"cat_k_tray_6","Kitchen Utensils","Tray","White - Big Single",0,
"cat_k_tray_7","Kitchen Utensils","Tray","White - Small",0,
"cat_k_trolley_1","Kitchen Utensils","Trolley","Big",0,
"cat_k_trolley_2","Kitchen Utensils","Trolley","Small",0,
"cat_e_tv-guide_1","Electrical Materials and Fittings","TV Guide","Volt Guard",0,
"cat_k_umbrella_1","Kitchen Utensils","Umbrella","Big - Long",0,
"cat_k_umbrella_2","Kitchen Utensils","Umbrella","Big - Short",0,
"cat_k_umbrella_3","Kitchen Utensils","Umbrella","Bottled - Short",0,
"cat_k_unbreakable-dish_1","Kitchen Utensils","Unbreakable Dish","2 in 1",0,
"cat_k_unbreakable-dish_2","Kitchen Utensils","Unbreakable Dish","2 in 1 - Greeen",0,
"cat_k_unbreakable-dish_3","Kitchen Utensils","Unbreakable Dish","2 in 1 with Tray",0,
"cat_k_unbreakable-dish_4","Kitchen Utensils","Unbreakable Dish","2 in 1 with Tray - Brown",0,
"cat_k_unbreakable-dish_5","Kitchen Utensils","Unbreakable Dish","3 in 1",0,
"cat_k_unbreakable-dish_6","Kitchen Utensils","Unbreakable Dish","3 in 1 with Tray",0,
"cat_k_unbreakable-dish_7","Kitchen Utensils","Unbreakable Dish","Fish - 3 in 1",0,
"cat_k_unbreakable-plate_1","Kitchen Utensils","Unbreakable Plate","3 White/Brown - WY1015 - Dectagon",0,
"cat_k_unbreakable-plate_2","Kitchen Utensils","Unbreakable Plate","B2009 - Flat",0,
"cat_k_unbreakable-plate_3","Kitchen Utensils","Unbreakable Plate","Campalla - 85110 - Flat",0,
"cat_k_unbreakable-plate_4","Kitchen Utensils","Unbreakable Plate","Kitchen Star - 4 in 1",0,
"cat_k_unbreakable-plate_5","Kitchen Utensils","Unbreakable Plate","MEC-VIN - 3062 Green - Bowl",0,
"cat_k_unbreakable-plate_6","Kitchen Utensils","Unbreakable Plate","MEC-VIN - Green - Flat - Round",0,
"cat_k_unbreakable-plate_7","Kitchen Utensils","Unbreakable Plate","MEC-VIN - Green - Flat - Square",0,
"cat_k_unbreakable-plate_8","Kitchen Utensils","Unbreakable Plate","Pink - 3673 - Bowl",0,
"cat_k_unbreakable-plate_9","Kitchen Utensils","Unbreakable Plate","Pink at the Edge - 1009 - Round - Big",0,
"cat_k_unbreakable-plate_10","Kitchen Utensils","Unbreakable Plate","Pink at the Edge - B2008 - Round - Small",0,
"cat_k_unbreakable-plate_11","Kitchen Utensils","Unbreakable Plate","Shell - 33105 - Different Colours",0,
"cat_k_unbreakable-plate_12","Kitchen Utensils","Unbreakable Plate","White - 101 - 2 in 1",0,
"cat_k_unbreakable-plate_13","Kitchen Utensils","Unbreakable Plate","White - 23118 - Flat",0,
"cat_k_unbreakable-plate_14","Kitchen Utensils","Unbreakable Plate","White - B105",0,
"cat_k_unbreakable-plate_15","Kitchen Utensils","Unbreakable Plate","White - JY258 - Ova",0,
"cat_k_unbreakable-plate_16","Kitchen Utensils","Unbreakable Plate","White - JY269 - Round",0,
"cat_k_unbreakable-plate_17","Kitchen Utensils","Unbreakable Plate","White Leave - 6309 - Bowl",0,
"cat_k_unbreakable-plate_18","Kitchen Utensils","Unbreakable Plate","White Leave Flat - 3309",0,
"cat_k_unbreakable-plate_19","Kitchen Utensils","Unbreakable Plate","White with Flower - 660",0,
"cat_k_unbreakable-plate_20","Kitchen Utensils","Unbreakable Plate","White with Flower - 660 - Bowl",0,
"cat_k_unbreakable-tray_1","Kitchen Utensils","Unbreakable Tray","Big",0,
"cat_k_wardrope_1","Kitchen Utensils","Wardrope","Wonder Home - Nil",0,
"cat_k_water-bottle_1","Kitchen Utensils","Water Bottle","Cool",0,
"cat_k_water-bottle_2","Kitchen Utensils","Water Bottle","Generation - Big with Sieve",0,
"cat_k_water-bottle_3","Kitchen Utensils","Water Bottle","Generation - Small with Sieve",0,
"cat_k_water-bottle_4","Kitchen Utensils","Water Bottle","Green",0,
"cat_k_water-bottle_5","Kitchen Utensils","Water Bottle","Motivational",0,
"cat_k_water-bottle_6","Kitchen Utensils","Water Bottle","S-8520 - 600ML",0,
"cat_k_water-bottle_7","Kitchen Utensils","Water Bottle","Salvin - Hot and Cold",0,
"cat_k_water-bottle_8","Kitchen Utensils","Water Bottle","Salvin - Small",0,
"cat_k_water-bottle_9","Kitchen Utensils","Water Bottle","Salvin - transparent",0,
"cat_k_water-bottle_10","Kitchen Utensils","Water Bottle","Salvin with Straw",0,
"cat_k_water-bottle_11","Kitchen Utensils","Water Bottle","Sport Bottle",0,
"cat_k_water-bottle_12","Kitchen Utensils","Water Bottle","The Kettle - 1.2L",0,
"cat_k_water-flask_1","Kitchen Utensils","Water Flask","China - 1L",0,
"cat_k_water-flask_2","Kitchen Utensils","Water Flask","China - Leinuo - 400ML",0,
"cat_k_water-flask_3","Kitchen Utensils","Water Flask","China - School - 500ML",0,
"cat_k_water-flask_4","Kitchen Utensils","Water Flask","China - Vacuum - 1L",0,
"cat_k_water-flask_5","Kitchen Utensils","Water Flask","China - Vacuum - 700ML",0,
"cat_k_water-flask_6","Kitchen Utensils","Water Flask","China - Vacuum Cup - 500ML",0,
"cat_k_water-flask_7","Kitchen Utensils","Water Flask","Inox Bottle - 800ML",0,
"cat_k_water-flask_8","Kitchen Utensils","Water Flask","Leinuo - 300ML",0,
"cat_k_water-flask_9","Kitchen Utensils","Water Flask","Magic Cook - 600ML",0,
"cat_k_water-flask_10","Kitchen Utensils","Water Flask","Magic Cook - VF9435 - 4L",0,
"cat_k_water-flask_11","Kitchen Utensils","Water Flask","Master Chef - 6055 - 1.2L",0,
"cat_k_water-flask_12","Kitchen Utensils","Water Flask","Master Chef - F912 - 2L",0,
"cat_k_water-flask_13","Kitchen Utensils","Water Flask","Smart Cup - LED - 400ML",0,
"cat_k_water-flask_14","Kitchen Utensils","Water Flask","SMP - 800ML",0,
"cat_k_water-flask_15","Kitchen Utensils","Water Flask","Vacuum Bottle with 2 Cups - 500ML",0,
"cat_k_yam-pounder_1","Kitchen Utensils","Yam Pounder","Kenwood - 3L - Nil",0,
"cat_k_yam-pounder_2","Kitchen Utensils","Yam Pounder","Kenwood - 5L - Nil",0,
